name,culture,size,location_type,number,degree
Akita_large_pos_1_0.jpg,2,3,pos,1,0
Akita_large_pos_1_1.jpg,2,3,pos,1,1
Akita_large_pos_1_2.jpg,2,3,pos,1,2
Akita_large_pos_1_3.jpg,2,3,pos,1,3
Akita_large_pos_2_0.jpg,2,3,pos,2,0
Akita_large_pos_2_1.jpg,2,3,pos,2,1
Akita_large_pos_2_2.jpg,2,3,pos,2,2
Akita_large_pos_2_3.jpg,2,3,pos,2,3
Akita_large_pos_3_0.jpg,2,3,pos,3,0
Akita_large_pos_3_1.jpg,2,3,pos,3,1
Akita_large_pos_3_2.jpg,2,3,pos,3,2
Akita_large_pos_3_3.jpg,2,3,pos,3,3
Akita_large_pos_4_0.jpg,2,3,pos,4,0
Akita_large_pos_4_1.jpg,2,3,pos,4,1
Akita_large_pos_4_2.jpg,2,3,pos,4,2
Akita_large_pos_4_3.jpg,2,3,pos,4,3
Akita_large_pos_5_0.jpg,2,3,pos,5,0
Akita_large_pos_5_1.jpg,2,3,pos,5,1
Akita_large_pos_5_2.jpg,2,3,pos,5,2
Akita_large_pos_5_3.jpg,2,3,pos,5,3
Akita_large_pos_6_0.jpg,2,3,pos,6,0
Akita_large_pos_6_1.jpg,2,3,pos,6,1
Akita_large_pos_6_2.jpg,2,3,pos,6,2
Akita_large_pos_6_3.jpg,2,3,pos,6,3
Akita_large_pos_7_0.jpg,2,3,pos,7,0
Akita_large_pos_7_1.jpg,2,3,pos,7,1
Akita_large_pos_7_2.jpg,2,3,pos,7,2
Akita_large_pos_7_3.jpg,2,3,pos,7,3
Akita_large_pos_8_0.jpg,2,3,pos,8,0
Akita_large_pos_8_1.jpg,2,3,pos,8,1
Akita_large_pos_8_2.jpg,2,3,pos,8,2
Akita_large_pos_8_3.jpg,2,3,pos,8,3
Akita_large_pos_9_0.jpg,2,3,pos,9,0
Akita_large_pos_9_1.jpg,2,3,pos,9,1
Akita_large_pos_9_2.jpg,2,3,pos,9,2
Akita_large_pos_9_3.jpg,2,3,pos,9,3
Akita_large_pos_10_0.jpg,2,3,pos,10,0
Akita_large_pos_10_1.jpg,2,3,pos,10,1
Akita_large_pos_10_2.jpg,2,3,pos,10,2
Akita_large_pos_10_3.jpg,2,3,pos,10,3
Akita_large_pos_11_0.jpg,2,3,pos,11,0
Akita_large_pos_11_1.jpg,2,3,pos,11,1
Akita_large_pos_11_2.jpg,2,3,pos,11,2
Akita_large_pos_11_3.jpg,2,3,pos,11,3
Akita_large_pos_12_0.jpg,2,3,pos,12,0
Akita_large_pos_12_1.jpg,2,3,pos,12,1
Akita_large_pos_12_2.jpg,2,3,pos,12,2
Akita_large_pos_12_3.jpg,2,3,pos,12,3
Akita_large_sch_1_0.jpg,2,3,sch,1,0
Akita_large_sch_1_1.jpg,2,3,sch,1,1
Akita_large_sch_1_2.jpg,2,3,sch,1,2
Akita_large_sch_1_3.jpg,2,3,sch,1,3
Akita_large_sch_2_0.jpg,2,3,sch,2,0
Akita_large_sch_2_1.jpg,2,3,sch,2,1
Akita_large_sch_2_2.jpg,2,3,sch,2,2
Akita_large_sch_2_3.jpg,2,3,sch,2,3
Akita_large_sch_3_0.jpg,2,3,sch,3,0
Akita_large_sch_3_1.jpg,2,3,sch,3,1
Akita_large_sch_3_2.jpg,2,3,sch,3,2
Akita_large_sch_3_3.jpg,2,3,sch,3,3
Akita_large_sch_4_0.jpg,2,3,sch,4,0
Akita_large_sch_4_1.jpg,2,3,sch,4,1
Akita_large_sch_4_2.jpg,2,3,sch,4,2
Akita_large_sch_4_3.jpg,2,3,sch,4,3
Akita_large_sch_5_0.jpg,2,3,sch,5,0
Akita_large_sch_5_1.jpg,2,3,sch,5,1
Akita_large_sch_5_2.jpg,2,3,sch,5,2
Akita_large_sch_5_3.jpg,2,3,sch,5,3
Akita_large_sch_6_0.jpg,2,3,sch,6,0
Akita_large_sch_6_1.jpg,2,3,sch,6,1
Akita_large_sch_6_2.jpg,2,3,sch,6,2
Akita_large_sch_6_3.jpg,2,3,sch,6,3
Akita_large_sch_7_0.jpg,2,3,sch,7,0
Akita_large_sch_7_1.jpg,2,3,sch,7,1
Akita_large_sch_7_2.jpg,2,3,sch,7,2
Akita_large_sch_7_3.jpg,2,3,sch,7,3
Akita_large_sch_8_0.jpg,2,3,sch,8,0
Akita_large_sch_8_1.jpg,2,3,sch,8,1
Akita_large_sch_8_2.jpg,2,3,sch,8,2
Akita_large_sch_8_3.jpg,2,3,sch,8,3
Akita_large_sch_9_0.jpg,2,3,sch,9,0
Akita_large_sch_9_1.jpg,2,3,sch,9,1
Akita_large_sch_9_2.jpg,2,3,sch,9,2
Akita_large_sch_9_3.jpg,2,3,sch,9,3
Akita_large_sch_10_0.jpg,2,3,sch,10,0
Akita_large_sch_10_1.jpg,2,3,sch,10,1
Akita_large_sch_10_2.jpg,2,3,sch,10,2
Akita_large_sch_10_3.jpg,2,3,sch,10,3
Akita_large_sch_11_0.jpg,2,3,sch,11,0
Akita_large_sch_11_1.jpg,2,3,sch,11,1
Akita_large_sch_11_2.jpg,2,3,sch,11,2
Akita_large_sch_11_3.jpg,2,3,sch,11,3
Akita_large_sch_12_0.jpg,2,3,sch,12,0
Akita_large_sch_12_1.jpg,2,3,sch,12,1
Akita_large_sch_12_2.jpg,2,3,sch,12,2
Akita_large_sch_12_3.jpg,2,3,sch,12,3
Akita_middle_pos_1_0.jpg,2,2,pos,1,0
Akita_middle_pos_1_1.jpg,2,2,pos,1,1
Akita_middle_pos_1_2.jpg,2,2,pos,1,2
Akita_middle_pos_1_3.jpg,2,2,pos,1,3
Akita_middle_pos_2_0.jpg,2,2,pos,2,0
Akita_middle_pos_2_1.jpg,2,2,pos,2,1
Akita_middle_pos_2_2.jpg,2,2,pos,2,2
Akita_middle_pos_2_3.jpg,2,2,pos,2,3
Akita_middle_pos_3_0.jpg,2,2,pos,3,0
Akita_middle_pos_3_1.jpg,2,2,pos,3,1
Akita_middle_pos_3_2.jpg,2,2,pos,3,2
Akita_middle_pos_3_3.jpg,2,2,pos,3,3
Akita_middle_pos_4_0.jpg,2,2,pos,4,0
Akita_middle_pos_4_1.jpg,2,2,pos,4,1
Akita_middle_pos_4_2.jpg,2,2,pos,4,2
Akita_middle_pos_4_3.jpg,2,2,pos,4,3
Akita_middle_pos_5_0.jpg,2,2,pos,5,0
Akita_middle_pos_5_1.jpg,2,2,pos,5,1
Akita_middle_pos_5_2.jpg,2,2,pos,5,2
Akita_middle_pos_5_3.jpg,2,2,pos,5,3
Akita_middle_pos_6_0.jpg,2,2,pos,6,0
Akita_middle_pos_6_1.jpg,2,2,pos,6,1
Akita_middle_pos_6_2.jpg,2,2,pos,6,2
Akita_middle_pos_6_3.jpg,2,2,pos,6,3
Akita_middle_pos_7_0.jpg,2,2,pos,7,0
Akita_middle_pos_7_1.jpg,2,2,pos,7,1
Akita_middle_pos_7_2.jpg,2,2,pos,7,2
Akita_middle_pos_7_3.jpg,2,2,pos,7,3
Akita_middle_pos_8_0.jpg,2,2,pos,8,0
Akita_middle_pos_8_1.jpg,2,2,pos,8,1
Akita_middle_pos_8_2.jpg,2,2,pos,8,2
Akita_middle_pos_8_3.jpg,2,2,pos,8,3
Akita_middle_sch_1_0.jpg,2,2,sch,1,0
Akita_middle_sch_1_1.jpg,2,2,sch,1,1
Akita_middle_sch_1_2.jpg,2,2,sch,1,2
Akita_middle_sch_1_3.jpg,2,2,sch,1,3
Akita_middle_sch_2_0.jpg,2,2,sch,2,0
Akita_middle_sch_2_1.jpg,2,2,sch,2,1
Akita_middle_sch_2_2.jpg,2,2,sch,2,2
Akita_middle_sch_2_3.jpg,2,2,sch,2,3
Akita_middle_sch_3_0.jpg,2,2,sch,3,0
Akita_middle_sch_3_1.jpg,2,2,sch,3,1
Akita_middle_sch_3_2.jpg,2,2,sch,3,2
Akita_middle_sch_3_3.jpg,2,2,sch,3,3
Akita_middle_sch_4_0.jpg,2,2,sch,4,0
Akita_middle_sch_4_1.jpg,2,2,sch,4,1
Akita_middle_sch_4_2.jpg,2,2,sch,4,2
Akita_middle_sch_4_3.jpg,2,2,sch,4,3
Akita_middle_sch_5_0.jpg,2,2,sch,5,0
Akita_middle_sch_5_1.jpg,2,2,sch,5,1
Akita_middle_sch_5_2.jpg,2,2,sch,5,2
Akita_middle_sch_5_3.jpg,2,2,sch,5,3
Akita_middle_sch_6_0.jpg,2,2,sch,6,0
Akita_middle_sch_6_1.jpg,2,2,sch,6,1
Akita_middle_sch_6_2.jpg,2,2,sch,6,2
Akita_middle_sch_6_3.jpg,2,2,sch,6,3
Akita_middle_sch_7_0.jpg,2,2,sch,7,0
Akita_middle_sch_7_1.jpg,2,2,sch,7,1
Akita_middle_sch_7_2.jpg,2,2,sch,7,2
Akita_middle_sch_7_3.jpg,2,2,sch,7,3
Akita_middle_sch_8_0.jpg,2,2,sch,8,0
Akita_middle_sch_8_1.jpg,2,2,sch,8,1
Akita_middle_sch_8_2.jpg,2,2,sch,8,2
Akita_middle_sch_8_3.jpg,2,2,sch,8,3
Akita_small_pos_1_0.jpg,2,1,pos,1,0
Akita_small_pos_1_1.jpg,2,1,pos,1,1
Akita_small_pos_1_2.jpg,2,1,pos,1,2
Akita_small_pos_1_3.jpg,2,1,pos,1,3
Akita_small_pos_2_0.jpg,2,1,pos,2,0
Akita_small_pos_2_1.jpg,2,1,pos,2,1
Akita_small_pos_2_2.jpg,2,1,pos,2,2
Akita_small_pos_2_3.jpg,2,1,pos,2,3
Akita_small_pos_3_0.jpg,2,1,pos,3,0
Akita_small_pos_3_1.jpg,2,1,pos,3,1
Akita_small_pos_3_2.jpg,2,1,pos,3,2
Akita_small_pos_3_3.jpg,2,1,pos,3,3
Akita_small_pos_4_0.jpg,2,1,pos,4,0
Akita_small_pos_4_1.jpg,2,1,pos,4,1
Akita_small_pos_4_2.jpg,2,1,pos,4,2
Akita_small_pos_4_3.jpg,2,1,pos,4,3
Akita_small_sch_1_0.jpg,2,1,sch,1,0
Akita_small_sch_1_1.jpg,2,1,sch,1,1
Akita_small_sch_1_2.jpg,2,1,sch,1,2
Akita_small_sch_1_3.jpg,2,1,sch,1,3
Akita_small_sch_2_0.jpg,2,1,sch,2,0
Akita_small_sch_2_1.jpg,2,1,sch,2,1
Akita_small_sch_2_2.jpg,2,1,sch,2,2
Akita_small_sch_2_3.jpg,2,1,sch,2,3
Akita_small_sch_3_0.jpg,2,1,sch,3,0
Akita_small_sch_3_1.jpg,2,1,sch,3,1
Akita_small_sch_3_2.jpg,2,1,sch,3,2
Akita_small_sch_3_3.jpg,2,1,sch,3,3
Akita_small_sch_4_0.jpg,2,1,sch,4,0
Akita_small_sch_4_1.jpg,2,1,sch,4,1
Akita_small_sch_4_2.jpg,2,1,sch,4,2
Akita_small_sch_4_3.jpg,2,1,sch,4,3
Hokkaido_large_pos_1_0.jpg,1,3,pos,1,0
Hokkaido_large_pos_1_1.jpg,1,3,pos,1,1
Hokkaido_large_pos_1_2.jpg,1,3,pos,1,2
Hokkaido_large_pos_1_3.jpg,1,3,pos,1,3
Hokkaido_large_pos_2_0.jpg,1,3,pos,2,0
Hokkaido_large_pos_2_1.jpg,1,3,pos,2,1
Hokkaido_large_pos_2_2.jpg,1,3,pos,2,2
Hokkaido_large_pos_2_3.jpg,1,3,pos,2,3
Hokkaido_large_pos_3_0.jpg,1,3,pos,3,0
Hokkaido_large_pos_3_1.jpg,1,3,pos,3,1
Hokkaido_large_pos_3_2.jpg,1,3,pos,3,2
Hokkaido_large_pos_3_3.jpg,1,3,pos,3,3
Hokkaido_large_pos_4_0.jpg,1,3,pos,4,0
Hokkaido_large_pos_4_1.jpg,1,3,pos,4,1
Hokkaido_large_pos_4_2.jpg,1,3,pos,4,2
Hokkaido_large_pos_4_3.jpg,1,3,pos,4,3
Hokkaido_large_pos_5_0.jpg,1,3,pos,5,0
Hokkaido_large_pos_5_1.jpg,1,3,pos,5,1
Hokkaido_large_pos_5_2.jpg,1,3,pos,5,2
Hokkaido_large_pos_5_3.jpg,1,3,pos,5,3
Hokkaido_large_pos_6_0.jpg,1,3,pos,6,0
Hokkaido_large_pos_6_1.jpg,1,3,pos,6,1
Hokkaido_large_pos_6_2.jpg,1,3,pos,6,2
Hokkaido_large_pos_6_3.jpg,1,3,pos,6,3
Hokkaido_large_pos_7_0.jpg,1,3,pos,7,0
Hokkaido_large_pos_7_1.jpg,1,3,pos,7,1
Hokkaido_large_pos_7_2.jpg,1,3,pos,7,2
Hokkaido_large_pos_7_3.jpg,1,3,pos,7,3
Hokkaido_large_pos_8_0.jpg,1,3,pos,8,0
Hokkaido_large_pos_8_1.jpg,1,3,pos,8,1
Hokkaido_large_pos_8_2.jpg,1,3,pos,8,2
Hokkaido_large_pos_8_3.jpg,1,3,pos,8,3
Hokkaido_large_pos_9_0.jpg,1,3,pos,9,0
Hokkaido_large_pos_9_1.jpg,1,3,pos,9,1
Hokkaido_large_pos_9_2.jpg,1,3,pos,9,2
Hokkaido_large_pos_9_3.jpg,1,3,pos,9,3
Hokkaido_large_pos_10_0.jpg,1,3,pos,10,0
Hokkaido_large_pos_10_1.jpg,1,3,pos,10,1
Hokkaido_large_pos_10_2.jpg,1,3,pos,10,2
Hokkaido_large_pos_10_3.jpg,1,3,pos,10,3
Hokkaido_large_pos_11_0.jpg,1,3,pos,11,0
Hokkaido_large_pos_11_1.jpg,1,3,pos,11,1
Hokkaido_large_pos_11_2.jpg,1,3,pos,11,2
Hokkaido_large_pos_11_3.jpg,1,3,pos,11,3
Hokkaido_large_pos_12_0.jpg,1,3,pos,12,0
Hokkaido_large_pos_12_1.jpg,1,3,pos,12,1
Hokkaido_large_pos_12_2.jpg,1,3,pos,12,2
Hokkaido_large_pos_12_3.jpg,1,3,pos,12,3
Hokkaido_large_sch_1_0.jpg,1,3,sch,1,0
Hokkaido_large_sch_1_1.jpg,1,3,sch,1,1
Hokkaido_large_sch_1_2.jpg,1,3,sch,1,2
Hokkaido_large_sch_1_3.jpg,1,3,sch,1,3
Hokkaido_large_sch_2_0.jpg,1,3,sch,2,0
Hokkaido_large_sch_2_1.jpg,1,3,sch,2,1
Hokkaido_large_sch_2_2.jpg,1,3,sch,2,2
Hokkaido_large_sch_2_3.jpg,1,3,sch,2,3
Hokkaido_large_sch_3_0.jpg,1,3,sch,3,0
Hokkaido_large_sch_3_1.jpg,1,3,sch,3,1
Hokkaido_large_sch_3_2.jpg,1,3,sch,3,2
Hokkaido_large_sch_3_3.jpg,1,3,sch,3,3
Hokkaido_large_sch_4_0.jpg,1,3,sch,4,0
Hokkaido_large_sch_4_1.jpg,1,3,sch,4,1
Hokkaido_large_sch_4_2.jpg,1,3,sch,4,2
Hokkaido_large_sch_4_3.jpg,1,3,sch,4,3
Hokkaido_large_sch_5_0.jpg,1,3,sch,5,0
Hokkaido_large_sch_5_1.jpg,1,3,sch,5,1
Hokkaido_large_sch_5_2.jpg,1,3,sch,5,2
Hokkaido_large_sch_5_3.jpg,1,3,sch,5,3
Hokkaido_large_sch_6_0.jpg,1,3,sch,6,0
Hokkaido_large_sch_6_1.jpg,1,3,sch,6,1
Hokkaido_large_sch_6_2.jpg,1,3,sch,6,2
Hokkaido_large_sch_6_3.jpg,1,3,sch,6,3
Hokkaido_large_sch_7_0.jpg,1,3,sch,7,0
Hokkaido_large_sch_7_1.jpg,1,3,sch,7,1
Hokkaido_large_sch_7_2.jpg,1,3,sch,7,2
Hokkaido_large_sch_7_3.jpg,1,3,sch,7,3
Hokkaido_large_sch_8_0.jpg,1,3,sch,8,0
Hokkaido_large_sch_8_1.jpg,1,3,sch,8,1
Hokkaido_large_sch_8_2.jpg,1,3,sch,8,2
Hokkaido_large_sch_8_3.jpg,1,3,sch,8,3
Hokkaido_large_sch_9_0.jpg,1,3,sch,9,0
Hokkaido_large_sch_9_1.jpg,1,3,sch,9,1
Hokkaido_large_sch_9_2.jpg,1,3,sch,9,2
Hokkaido_large_sch_9_3.jpg,1,3,sch,9,3
Hokkaido_large_sch_10_0.jpg,1,3,sch,10,0
Hokkaido_large_sch_10_1.jpg,1,3,sch,10,1
Hokkaido_large_sch_10_2.jpg,1,3,sch,10,2
Hokkaido_large_sch_10_3.jpg,1,3,sch,10,3
Hokkaido_large_sch_11_0.jpg,1,3,sch,11,0
Hokkaido_large_sch_11_1.jpg,1,3,sch,11,1
Hokkaido_large_sch_11_2.jpg,1,3,sch,11,2
Hokkaido_large_sch_11_3.jpg,1,3,sch,11,3
Hokkaido_large_sch_12_0.jpg,1,3,sch,12,0
Hokkaido_large_sch_12_1.jpg,1,3,sch,12,1
Hokkaido_large_sch_12_2.jpg,1,3,sch,12,2
Hokkaido_large_sch_12_3.jpg,1,3,sch,12,3
Hokkaido_middle_pos_1_0.jpg,1,2,pos,1,0
Hokkaido_middle_pos_1_1.jpg,1,2,pos,1,1
Hokkaido_middle_pos_1_2.jpg,1,2,pos,1,2
Hokkaido_middle_pos_1_3.jpg,1,2,pos,1,3
Hokkaido_middle_pos_2_0.jpg,1,2,pos,2,0
Hokkaido_middle_pos_2_1.jpg,1,2,pos,2,1
Hokkaido_middle_pos_2_2.jpg,1,2,pos,2,2
Hokkaido_middle_pos_2_3.jpg,1,2,pos,2,3
Hokkaido_middle_pos_3_0.jpg,1,2,pos,3,0
Hokkaido_middle_pos_3_1.jpg,1,2,pos,3,1
Hokkaido_middle_pos_3_2.jpg,1,2,pos,3,2
Hokkaido_middle_pos_3_3.jpg,1,2,pos,3,3
Hokkaido_middle_pos_4_0.jpg,1,2,pos,4,0
Hokkaido_middle_pos_4_1.jpg,1,2,pos,4,1
Hokkaido_middle_pos_4_2.jpg,1,2,pos,4,2
Hokkaido_middle_pos_4_3.jpg,1,2,pos,4,3
Hokkaido_middle_pos_5_0.jpg,1,2,pos,5,0
Hokkaido_middle_pos_5_1.jpg,1,2,pos,5,1
Hokkaido_middle_pos_5_2.jpg,1,2,pos,5,2
Hokkaido_middle_pos_5_3.jpg,1,2,pos,5,3
Hokkaido_middle_pos_6_0.jpg,1,2,pos,6,0
Hokkaido_middle_pos_6_1.jpg,1,2,pos,6,1
Hokkaido_middle_pos_6_2.jpg,1,2,pos,6,2
Hokkaido_middle_pos_6_3.jpg,1,2,pos,6,3
Hokkaido_middle_pos_7_0.jpg,1,2,pos,7,0
Hokkaido_middle_pos_7_1.jpg,1,2,pos,7,1
Hokkaido_middle_pos_7_2.jpg,1,2,pos,7,2
Hokkaido_middle_pos_7_3.jpg,1,2,pos,7,3
Hokkaido_middle_pos_8_0.jpg,1,2,pos,8,0
Hokkaido_middle_pos_8_1.jpg,1,2,pos,8,1
Hokkaido_middle_pos_8_2.jpg,1,2,pos,8,2
Hokkaido_middle_pos_8_3.jpg,1,2,pos,8,3
Hokkaido_middle_sch_1_0.jpg,1,2,sch,1,0
Hokkaido_middle_sch_1_1.jpg,1,2,sch,1,1
Hokkaido_middle_sch_1_2.jpg,1,2,sch,1,2
Hokkaido_middle_sch_1_3.jpg,1,2,sch,1,3
Hokkaido_middle_sch_2_0.jpg,1,2,sch,2,0
Hokkaido_middle_sch_2_1.jpg,1,2,sch,2,1
Hokkaido_middle_sch_2_2.jpg,1,2,sch,2,2
Hokkaido_middle_sch_2_3.jpg,1,2,sch,2,3
Hokkaido_middle_sch_3_0.jpg,1,2,sch,3,0
Hokkaido_middle_sch_3_1.jpg,1,2,sch,3,1
Hokkaido_middle_sch_3_2.jpg,1,2,sch,3,2
Hokkaido_middle_sch_3_3.jpg,1,2,sch,3,3
Hokkaido_middle_sch_4_0.jpg,1,2,sch,4,0
Hokkaido_middle_sch_4_1.jpg,1,2,sch,4,1
Hokkaido_middle_sch_4_2.jpg,1,2,sch,4,2
Hokkaido_middle_sch_4_3.jpg,1,2,sch,4,3
Hokkaido_middle_sch_5_0.jpg,1,2,sch,5,0
Hokkaido_middle_sch_5_1.jpg,1,2,sch,5,1
Hokkaido_middle_sch_5_2.jpg,1,2,sch,5,2
Hokkaido_middle_sch_5_3.jpg,1,2,sch,5,3
Hokkaido_middle_sch_6_0.jpg,1,2,sch,6,0
Hokkaido_middle_sch_6_1.jpg,1,2,sch,6,1
Hokkaido_middle_sch_6_2.jpg,1,2,sch,6,2
Hokkaido_middle_sch_6_3.jpg,1,2,sch,6,3
Hokkaido_middle_sch_7_0.jpg,1,2,sch,7,0
Hokkaido_middle_sch_7_1.jpg,1,2,sch,7,1
Hokkaido_middle_sch_7_2.jpg,1,2,sch,7,2
Hokkaido_middle_sch_7_3.jpg,1,2,sch,7,3
Hokkaido_middle_sch_8_0.jpg,1,2,sch,8,0
Hokkaido_middle_sch_8_1.jpg,1,2,sch,8,1
Hokkaido_middle_sch_8_2.jpg,1,2,sch,8,2
Hokkaido_middle_sch_8_3.jpg,1,2,sch,8,3
Hokkaido_small_pos_1_0.jpg,1,1,pos,1,0
Hokkaido_small_pos_1_1.jpg,1,1,pos,1,1
Hokkaido_small_pos_1_2.jpg,1,1,pos,1,2
Hokkaido_small_pos_1_3.jpg,1,1,pos,1,3
Hokkaido_small_pos_2_0.jpg,1,1,pos,2,0
Hokkaido_small_pos_2_1.jpg,1,1,pos,2,1
Hokkaido_small_pos_2_2.jpg,1,1,pos,2,2
Hokkaido_small_pos_2_3.jpg,1,1,pos,2,3
Hokkaido_small_pos_3_0.jpg,1,1,pos,3,0
Hokkaido_small_pos_3_1.jpg,1,1,pos,3,1
Hokkaido_small_pos_3_2.jpg,1,1,pos,3,2
Hokkaido_small_pos_3_3.jpg,1,1,pos,3,3
Hokkaido_small_pos_4_0.jpg,1,1,pos,4,0
Hokkaido_small_pos_4_1.jpg,1,1,pos,4,1
Hokkaido_small_pos_4_2.jpg,1,1,pos,4,2
Hokkaido_small_pos_4_3.jpg,1,1,pos,4,3
Hokkaido_small_sch_1_0.jpg,1,1,sch,1,0
Hokkaido_small_sch_1_1.jpg,1,1,sch,1,1
Hokkaido_small_sch_1_2.jpg,1,1,sch,1,2
Hokkaido_small_sch_1_3.jpg,1,1,sch,1,3
Hokkaido_small_sch_2_0.jpg,1,1,sch,2,0
Hokkaido_small_sch_2_1.jpg,1,1,sch,2,1
Hokkaido_small_sch_2_2.jpg,1,1,sch,2,2
Hokkaido_small_sch_2_3.jpg,1,1,sch,2,3
Hokkaido_small_sch_3_0.jpg,1,1,sch,3,0
Hokkaido_small_sch_3_1.jpg,1,1,sch,3,1
Hokkaido_small_sch_3_2.jpg,1,1,sch,3,2
Hokkaido_small_sch_3_3.jpg,1,1,sch,3,3
Hokkaido_small_sch_4_0.jpg,1,1,sch,4,0
Hokkaido_small_sch_4_1.jpg,1,1,sch,4,1
Hokkaido_small_sch_4_2.jpg,1,1,sch,4,2
Hokkaido_small_sch_4_3.jpg,1,1,sch,4,3
Ishikawa_large_pos_1_0.jpg,2,3,pos,1,0
Ishikawa_large_pos_1_1.jpg,2,3,pos,1,1
Ishikawa_large_pos_1_2.jpg,2,3,pos,1,2
Ishikawa_large_pos_1_3.jpg,2,3,pos,1,3
Ishikawa_large_pos_2_0.jpg,2,3,pos,2,0
Ishikawa_large_pos_2_1.jpg,2,3,pos,2,1
Ishikawa_large_pos_2_2.jpg,2,3,pos,2,2
Ishikawa_large_pos_2_3.jpg,2,3,pos,2,3
Ishikawa_large_pos_3_0.jpg,2,3,pos,3,0
Ishikawa_large_pos_3_1.jpg,2,3,pos,3,1
Ishikawa_large_pos_3_2.jpg,2,3,pos,3,2
Ishikawa_large_pos_3_3.jpg,2,3,pos,3,3
Ishikawa_large_pos_4_0.jpg,2,3,pos,4,0
Ishikawa_large_pos_4_1.jpg,2,3,pos,4,1
Ishikawa_large_pos_4_2.jpg,2,3,pos,4,2
Ishikawa_large_pos_4_3.jpg,2,3,pos,4,3
Ishikawa_large_pos_5_0.jpg,2,3,pos,5,0
Ishikawa_large_pos_5_1.jpg,2,3,pos,5,1
Ishikawa_large_pos_5_2.jpg,2,3,pos,5,2
Ishikawa_large_pos_5_3.jpg,2,3,pos,5,3
Ishikawa_large_pos_6_0.jpg,2,3,pos,6,0
Ishikawa_large_pos_6_1.jpg,2,3,pos,6,1
Ishikawa_large_pos_6_2.jpg,2,3,pos,6,2
Ishikawa_large_pos_6_3.jpg,2,3,pos,6,3
Ishikawa_large_pos_7_0.jpg,2,3,pos,7,0
Ishikawa_large_pos_7_1.jpg,2,3,pos,7,1
Ishikawa_large_pos_7_2.jpg,2,3,pos,7,2
Ishikawa_large_pos_7_3.jpg,2,3,pos,7,3
Ishikawa_large_pos_8_0.jpg,2,3,pos,8,0
Ishikawa_large_pos_8_1.jpg,2,3,pos,8,1
Ishikawa_large_pos_8_2.jpg,2,3,pos,8,2
Ishikawa_large_pos_8_3.jpg,2,3,pos,8,3
Ishikawa_large_pos_9_0.jpg,2,3,pos,9,0
Ishikawa_large_pos_9_1.jpg,2,3,pos,9,1
Ishikawa_large_pos_9_2.jpg,2,3,pos,9,2
Ishikawa_large_pos_9_3.jpg,2,3,pos,9,3
Ishikawa_large_pos_10_0.jpg,2,3,pos,10,0
Ishikawa_large_pos_10_1.jpg,2,3,pos,10,1
Ishikawa_large_pos_10_2.jpg,2,3,pos,10,2
Ishikawa_large_pos_10_3.jpg,2,3,pos,10,3
Ishikawa_large_pos_11_0.jpg,2,3,pos,11,0
Ishikawa_large_pos_11_1.jpg,2,3,pos,11,1
Ishikawa_large_pos_11_2.jpg,2,3,pos,11,2
Ishikawa_large_pos_11_3.jpg,2,3,pos,11,3
Ishikawa_large_pos_12_0.jpg,2,3,pos,12,0
Ishikawa_large_pos_12_1.jpg,2,3,pos,12,1
Ishikawa_large_pos_12_2.jpg,2,3,pos,12,2
Ishikawa_large_pos_12_3.jpg,2,3,pos,12,3
Ishikawa_large_sch_a1_0.jpg,2,3,sch,a1,0
Ishikawa_large_sch_a1_1.jpg,2,3,sch,a1,1
Ishikawa_large_sch_a1_2.jpg,2,3,sch,a1,2
Ishikawa_large_sch_a1_3.jpg,2,3,sch,a1,3
Ishikawa_large_sch_a2_0.jpg,2,3,sch,a2,0
Ishikawa_large_sch_a2_1.jpg,2,3,sch,a2,1
Ishikawa_large_sch_a2_2.jpg,2,3,sch,a2,2
Ishikawa_large_sch_a2_3.jpg,2,3,sch,a2,3
Ishikawa_large_sch_a3_0.jpg,2,3,sch,a3,0
Ishikawa_large_sch_a3_1.jpg,2,3,sch,a3,1
Ishikawa_large_sch_a3_2.jpg,2,3,sch,a3,2
Ishikawa_large_sch_a3_3.jpg,2,3,sch,a3,3
Ishikawa_large_sch_a4_0.jpg,2,3,sch,a4,0
Ishikawa_large_sch_a4_1.jpg,2,3,sch,a4,1
Ishikawa_large_sch_a4_2.jpg,2,3,sch,a4,2
Ishikawa_large_sch_a4_3.jpg,2,3,sch,a4,3
Ishikawa_large_sch_a5_0.jpg,2,3,sch,a5,0
Ishikawa_large_sch_a5_1.jpg,2,3,sch,a5,1
Ishikawa_large_sch_a5_2.jpg,2,3,sch,a5,2
Ishikawa_large_sch_a5_3.jpg,2,3,sch,a5,3
Ishikawa_large_sch_a6_0.jpg,2,3,sch,a6,0
Ishikawa_large_sch_a6_1.jpg,2,3,sch,a6,1
Ishikawa_large_sch_a6_2.jpg,2,3,sch,a6,2
Ishikawa_large_sch_a6_3.jpg,2,3,sch,a6,3
Ishikawa_large_sch_a7_0.jpg,2,3,sch,a7,0
Ishikawa_large_sch_a7_1.jpg,2,3,sch,a7,1
Ishikawa_large_sch_a7_2.jpg,2,3,sch,a7,2
Ishikawa_large_sch_a7_3.jpg,2,3,sch,a7,3
Ishikawa_large_sch_a8_0.jpg,2,3,sch,a8,0
Ishikawa_large_sch_a8_1.jpg,2,3,sch,a8,1
Ishikawa_large_sch_a8_2.jpg,2,3,sch,a8,2
Ishikawa_large_sch_a8_3.jpg,2,3,sch,a8,3
Ishikawa_large_sch_a9_0.jpg,2,3,sch,a9,0
Ishikawa_large_sch_a9_1.jpg,2,3,sch,a9,1
Ishikawa_large_sch_a9_2.jpg,2,3,sch,a9,2
Ishikawa_large_sch_a9_3.jpg,2,3,sch,a9,3
Ishikawa_large_sch_a10_0.jpg,2,3,sch,a10,0
Ishikawa_large_sch_a10_1.jpg,2,3,sch,a10,1
Ishikawa_large_sch_a10_2.jpg,2,3,sch,a10,2
Ishikawa_large_sch_a10_3.jpg,2,3,sch,a10,3
Ishikawa_large_sch_a11_0.jpg,2,3,sch,a11,0
Ishikawa_large_sch_a11_1.jpg,2,3,sch,a11,1
Ishikawa_large_sch_a11_2.jpg,2,3,sch,a11,2
Ishikawa_large_sch_a11_3.jpg,2,3,sch,a11,3
Ishikawa_large_sch_a12_0.jpg,2,3,sch,a12,0
Ishikawa_large_sch_a12_1.jpg,2,3,sch,a12,1
Ishikawa_large_sch_a12_2.jpg,2,3,sch,a12,2
Ishikawa_large_sch_a12_3.jpg,2,3,sch,a12,3
Ishikawa_middle_pos_1_0.jpg,2,2,pos,1,0
Ishikawa_middle_pos_1_1.jpg,2,2,pos,1,1
Ishikawa_middle_pos_1_2.jpg,2,2,pos,1,2
Ishikawa_middle_pos_1_3.jpg,2,2,pos,1,3
Ishikawa_middle_pos_2_0.jpg,2,2,pos,2,0
Ishikawa_middle_pos_2_1.jpg,2,2,pos,2,1
Ishikawa_middle_pos_2_2.jpg,2,2,pos,2,2
Ishikawa_middle_pos_2_3.jpg,2,2,pos,2,3
Ishikawa_middle_pos_3_0.jpg,2,2,pos,3,0
Ishikawa_middle_pos_3_1.jpg,2,2,pos,3,1
Ishikawa_middle_pos_3_2.jpg,2,2,pos,3,2
Ishikawa_middle_pos_3_3.jpg,2,2,pos,3,3
Ishikawa_middle_pos_4_0.jpg,2,2,pos,4,0
Ishikawa_middle_pos_4_1.jpg,2,2,pos,4,1
Ishikawa_middle_pos_4_2.jpg,2,2,pos,4,2
Ishikawa_middle_pos_4_3.jpg,2,2,pos,4,3
Ishikawa_middle_pos_5_0.jpg,2,2,pos,5,0
Ishikawa_middle_pos_5_1.jpg,2,2,pos,5,1
Ishikawa_middle_pos_5_2.jpg,2,2,pos,5,2
Ishikawa_middle_pos_5_3.jpg,2,2,pos,5,3
Ishikawa_middle_pos_6_0.jpg,2,2,pos,6,0
Ishikawa_middle_pos_6_1.jpg,2,2,pos,6,1
Ishikawa_middle_pos_6_2.jpg,2,2,pos,6,2
Ishikawa_middle_pos_6_3.jpg,2,2,pos,6,3
Ishikawa_middle_pos_7_0.jpg,2,2,pos,7,0
Ishikawa_middle_pos_7_1.jpg,2,2,pos,7,1
Ishikawa_middle_pos_7_2.jpg,2,2,pos,7,2
Ishikawa_middle_pos_7_3.jpg,2,2,pos,7,3
Ishikawa_middle_pos_8_0.jpg,2,2,pos,8,0
Ishikawa_middle_pos_8_1.jpg,2,2,pos,8,1
Ishikawa_middle_pos_8_2.jpg,2,2,pos,8,2
Ishikawa_middle_pos_8_3.jpg,2,2,pos,8,3
Ishikawa_middle_sch_1_0.jpg,2,2,sch,1,0
Ishikawa_middle_sch_1_1.jpg,2,2,sch,1,1
Ishikawa_middle_sch_1_2.jpg,2,2,sch,1,2
Ishikawa_middle_sch_1_3.jpg,2,2,sch,1,3
Ishikawa_middle_sch_2_0.jpg,2,2,sch,2,0
Ishikawa_middle_sch_2_1.jpg,2,2,sch,2,1
Ishikawa_middle_sch_2_2.jpg,2,2,sch,2,2
Ishikawa_middle_sch_2_3.jpg,2,2,sch,2,3
Ishikawa_middle_sch_3_0.jpg,2,2,sch,3,0
Ishikawa_middle_sch_3_1.jpg,2,2,sch,3,1
Ishikawa_middle_sch_3_2.jpg,2,2,sch,3,2
Ishikawa_middle_sch_3_3.jpg,2,2,sch,3,3
Ishikawa_middle_sch_4_0.jpg,2,2,sch,4,0
Ishikawa_middle_sch_4_1.jpg,2,2,sch,4,1
Ishikawa_middle_sch_4_2.jpg,2,2,sch,4,2
Ishikawa_middle_sch_4_3.jpg,2,2,sch,4,3
Ishikawa_middle_sch_5_0.jpg,2,2,sch,5,0
Ishikawa_middle_sch_5_1.jpg,2,2,sch,5,1
Ishikawa_middle_sch_5_2.jpg,2,2,sch,5,2
Ishikawa_middle_sch_5_3.jpg,2,2,sch,5,3
Ishikawa_middle_sch_6_0.jpg,2,2,sch,6,0
Ishikawa_middle_sch_6_1.jpg,2,2,sch,6,1
Ishikawa_middle_sch_6_2.jpg,2,2,sch,6,2
Ishikawa_middle_sch_6_3.jpg,2,2,sch,6,3
Ishikawa_middle_sch_7_0.jpg,2,2,sch,7,0
Ishikawa_middle_sch_7_1.jpg,2,2,sch,7,1
Ishikawa_middle_sch_7_2.jpg,2,2,sch,7,2
Ishikawa_middle_sch_7_3.jpg,2,2,sch,7,3
Ishikawa_middle_sch_8_0.jpg,2,2,sch,8,0
Ishikawa_middle_sch_8_1.jpg,2,2,sch,8,1
Ishikawa_middle_sch_8_2.jpg,2,2,sch,8,2
Ishikawa_middle_sch_8_3.jpg,2,2,sch,8,3
Ishikawa_small_pos_1_0.jpg,2,1,pos,1,0
Ishikawa_small_pos_1_1.jpg,2,1,pos,1,1
Ishikawa_small_pos_1_2.jpg,2,1,pos,1,2
Ishikawa_small_pos_1_3.jpg,2,1,pos,1,3
Ishikawa_small_pos_2_0.jpg,2,1,pos,2,0
Ishikawa_small_pos_2_1.jpg,2,1,pos,2,1
Ishikawa_small_pos_2_2.jpg,2,1,pos,2,2
Ishikawa_small_pos_2_3.jpg,2,1,pos,2,3
Ishikawa_small_pos_3_0.jpg,2,1,pos,3,0
Ishikawa_small_pos_3_1.jpg,2,1,pos,3,1
Ishikawa_small_pos_3_2.jpg,2,1,pos,3,2
Ishikawa_small_pos_3_3.jpg,2,1,pos,3,3
Ishikawa_small_pos_4_0.jpg,2,1,pos,4,0
Ishikawa_small_pos_4_1.jpg,2,1,pos,4,1
Ishikawa_small_pos_4_2.jpg,2,1,pos,4,2
Ishikawa_small_pos_4_3.jpg,2,1,pos,4,3
Ishikawa_small_sch_1_0.jpg,2,1,sch,1,0
Ishikawa_small_sch_1_1.jpg,2,1,sch,1,1
Ishikawa_small_sch_1_2.jpg,2,1,sch,1,2
Ishikawa_small_sch_1_3.jpg,2,1,sch,1,3
Ishikawa_small_sch_2_0.jpg,2,1,sch,2,0
Ishikawa_small_sch_2_1.jpg,2,1,sch,2,1
Ishikawa_small_sch_2_2.jpg,2,1,sch,2,2
Ishikawa_small_sch_2_3.jpg,2,1,sch,2,3
Ishikawa_small_sch_3_0.jpg,2,1,sch,3,0
Ishikawa_small_sch_3_1.jpg,2,1,sch,3,1
Ishikawa_small_sch_3_2.jpg,2,1,sch,3,2
Ishikawa_small_sch_3_3.jpg,2,1,sch,3,3
Ishikawa_small_sch_4_0.jpg,2,1,sch,4,0
Ishikawa_small_sch_4_1.jpg,2,1,sch,4,1
Ishikawa_small_sch_4_2.jpg,2,1,sch,4,2
Ishikawa_small_sch_4_3.jpg,2,1,sch,4,3
Kanagawa_large_pos_1_0.jpg,2,3,pos,1,0
Kanagawa_large_pos_1_1.jpg,2,3,pos,1,1
Kanagawa_large_pos_1_2.jpg,2,3,pos,1,2
Kanagawa_large_pos_1_3.jpg,2,3,pos,1,3
Kanagawa_large_pos_2_0.jpg,2,3,pos,2,0
Kanagawa_large_pos_2_1.jpg,2,3,pos,2,1
Kanagawa_large_pos_2_2.jpg,2,3,pos,2,2
Kanagawa_large_pos_2_3.jpg,2,3,pos,2,3
Kanagawa_large_pos_3_0.jpg,2,3,pos,3,0
Kanagawa_large_pos_3_1.jpg,2,3,pos,3,1
Kanagawa_large_pos_3_2.jpg,2,3,pos,3,2
Kanagawa_large_pos_3_3.jpg,2,3,pos,3,3
Kanagawa_large_pos_4_0.jpg,2,3,pos,4,0
Kanagawa_large_pos_4_1.jpg,2,3,pos,4,1
Kanagawa_large_pos_4_2.jpg,2,3,pos,4,2
Kanagawa_large_pos_4_3.jpg,2,3,pos,4,3
Kanagawa_large_pos_5_0.jpg,2,3,pos,5,0
Kanagawa_large_pos_5_1.jpg,2,3,pos,5,1
Kanagawa_large_pos_5_2.jpg,2,3,pos,5,2
Kanagawa_large_pos_5_3.jpg,2,3,pos,5,3
Kanagawa_large_pos_6_0.jpg,2,3,pos,6,0
Kanagawa_large_pos_6_1.jpg,2,3,pos,6,1
Kanagawa_large_pos_6_2.jpg,2,3,pos,6,2
Kanagawa_large_pos_6_3.jpg,2,3,pos,6,3
Kanagawa_large_pos_7_0.jpg,2,3,pos,7,0
Kanagawa_large_pos_7_1.jpg,2,3,pos,7,1
Kanagawa_large_pos_7_2.jpg,2,3,pos,7,2
Kanagawa_large_pos_7_3.jpg,2,3,pos,7,3
Kanagawa_large_pos_8_0.jpg,2,3,pos,8,0
Kanagawa_large_pos_8_1.jpg,2,3,pos,8,1
Kanagawa_large_pos_8_2.jpg,2,3,pos,8,2
Kanagawa_large_pos_8_3.jpg,2,3,pos,8,3
Kanagawa_large_pos_9_0.jpg,2,3,pos,9,0
Kanagawa_large_pos_9_1.jpg,2,3,pos,9,1
Kanagawa_large_pos_9_2.jpg,2,3,pos,9,2
Kanagawa_large_pos_9_3.jpg,2,3,pos,9,3
Kanagawa_large_pos_10_0.jpg,2,3,pos,10,0
Kanagawa_large_pos_10_1.jpg,2,3,pos,10,1
Kanagawa_large_pos_10_2.jpg,2,3,pos,10,2
Kanagawa_large_pos_10_3.jpg,2,3,pos,10,3
Kanagawa_large_pos_11_0.jpg,2,3,pos,11,0
Kanagawa_large_pos_11_1.jpg,2,3,pos,11,1
Kanagawa_large_pos_11_2.jpg,2,3,pos,11,2
Kanagawa_large_pos_11_3.jpg,2,3,pos,11,3
Kanagawa_large_pos_12_0.jpg,2,3,pos,12,0
Kanagawa_large_pos_12_1.jpg,2,3,pos,12,1
Kanagawa_large_pos_12_2.jpg,2,3,pos,12,2
Kanagawa_large_pos_12_3.jpg,2,3,pos,12,3
Kanagawa_large_sch_1_0.jpg,2,3,sch,1,0
Kanagawa_large_sch_1_1.jpg,2,3,sch,1,1
Kanagawa_large_sch_1_2.jpg,2,3,sch,1,2
Kanagawa_large_sch_1_3.jpg,2,3,sch,1,3
Kanagawa_large_sch_2_0.jpg,2,3,sch,2,0
Kanagawa_large_sch_2_1.jpg,2,3,sch,2,1
Kanagawa_large_sch_2_2.jpg,2,3,sch,2,2
Kanagawa_large_sch_2_3.jpg,2,3,sch,2,3
Kanagawa_large_sch_3_0.jpg,2,3,sch,3,0
Kanagawa_large_sch_3_1.jpg,2,3,sch,3,1
Kanagawa_large_sch_3_2.jpg,2,3,sch,3,2
Kanagawa_large_sch_3_3.jpg,2,3,sch,3,3
Kanagawa_large_sch_4_0.jpg,2,3,sch,4,0
Kanagawa_large_sch_4_1.jpg,2,3,sch,4,1
Kanagawa_large_sch_4_2.jpg,2,3,sch,4,2
Kanagawa_large_sch_4_3.jpg,2,3,sch,4,3
Kanagawa_large_sch_5_0.jpg,2,3,sch,5,0
Kanagawa_large_sch_5_1.jpg,2,3,sch,5,1
Kanagawa_large_sch_5_2.jpg,2,3,sch,5,2
Kanagawa_large_sch_5_3.jpg,2,3,sch,5,3
Kanagawa_large_sch_6_0.jpg,2,3,sch,6,0
Kanagawa_large_sch_6_1.jpg,2,3,sch,6,1
Kanagawa_large_sch_6_2.jpg,2,3,sch,6,2
Kanagawa_large_sch_6_3.jpg,2,3,sch,6,3
Kanagawa_large_sch_7_0.jpg,2,3,sch,7,0
Kanagawa_large_sch_7_1.jpg,2,3,sch,7,1
Kanagawa_large_sch_7_2.jpg,2,3,sch,7,2
Kanagawa_large_sch_7_3.jpg,2,3,sch,7,3
Kanagawa_large_sch_8_0.jpg,2,3,sch,8,0
Kanagawa_large_sch_8_1.jpg,2,3,sch,8,1
Kanagawa_large_sch_8_2.jpg,2,3,sch,8,2
Kanagawa_large_sch_8_3.jpg,2,3,sch,8,3
Kanagawa_large_sch_9_0.jpg,2,3,sch,9,0
Kanagawa_large_sch_9_1.jpg,2,3,sch,9,1
Kanagawa_large_sch_9_2.jpg,2,3,sch,9,2
Kanagawa_large_sch_9_3.jpg,2,3,sch,9,3
Kanagawa_large_sch_10_0.jpg,2,3,sch,10,0
Kanagawa_large_sch_10_1.jpg,2,3,sch,10,1
Kanagawa_large_sch_10_2.jpg,2,3,sch,10,2
Kanagawa_large_sch_10_3.jpg,2,3,sch,10,3
Kanagawa_large_sch_11_0.jpg,2,3,sch,11,0
Kanagawa_large_sch_11_1.jpg,2,3,sch,11,1
Kanagawa_large_sch_11_2.jpg,2,3,sch,11,2
Kanagawa_large_sch_11_3.jpg,2,3,sch,11,3
Kanagawa_large_sch_12_0.jpg,2,3,sch,12,0
Kanagawa_large_sch_12_1.jpg,2,3,sch,12,1
Kanagawa_large_sch_12_2.jpg,2,3,sch,12,2
Kanagawa_large_sch_12_3.jpg,2,3,sch,12,3
Kanagawa_middle_pos_1_0.jpg,2,2,pos,1,0
Kanagawa_middle_pos_1_1.jpg,2,2,pos,1,1
Kanagawa_middle_pos_1_2.jpg,2,2,pos,1,2
Kanagawa_middle_pos_1_3.jpg,2,2,pos,1,3
Kanagawa_middle_pos_2_0.jpg,2,2,pos,2,0
Kanagawa_middle_pos_2_1.jpg,2,2,pos,2,1
Kanagawa_middle_pos_2_2.jpg,2,2,pos,2,2
Kanagawa_middle_pos_2_3.jpg,2,2,pos,2,3
Kanagawa_middle_pos_3_0.jpg,2,2,pos,3,0
Kanagawa_middle_pos_3_1.jpg,2,2,pos,3,1
Kanagawa_middle_pos_3_2.jpg,2,2,pos,3,2
Kanagawa_middle_pos_3_3.jpg,2,2,pos,3,3
Kanagawa_middle_pos_4_0.jpg,2,2,pos,4,0
Kanagawa_middle_pos_4_1.jpg,2,2,pos,4,1
Kanagawa_middle_pos_4_2.jpg,2,2,pos,4,2
Kanagawa_middle_pos_4_3.jpg,2,2,pos,4,3
Kanagawa_middle_pos_5_0.jpg,2,2,pos,5,0
Kanagawa_middle_pos_5_1.jpg,2,2,pos,5,1
Kanagawa_middle_pos_5_2.jpg,2,2,pos,5,2
Kanagawa_middle_pos_5_3.jpg,2,2,pos,5,3
Kanagawa_middle_pos_6_0.jpg,2,2,pos,6,0
Kanagawa_middle_pos_6_1.jpg,2,2,pos,6,1
Kanagawa_middle_pos_6_2.jpg,2,2,pos,6,2
Kanagawa_middle_pos_6_3.jpg,2,2,pos,6,3
Kanagawa_middle_pos_7_0.jpg,2,2,pos,7,0
Kanagawa_middle_pos_7_1.jpg,2,2,pos,7,1
Kanagawa_middle_pos_7_2.jpg,2,2,pos,7,2
Kanagawa_middle_pos_7_3.jpg,2,2,pos,7,3
Kanagawa_middle_pos_8_0.jpg,2,2,pos,8,0
Kanagawa_middle_pos_8_1.jpg,2,2,pos,8,1
Kanagawa_middle_pos_8_2.jpg,2,2,pos,8,2
Kanagawa_middle_pos_8_3.jpg,2,2,pos,8,3
Kanagawa_middle_sch_1_0.jpg,2,2,sch,1,0
Kanagawa_middle_sch_1_1.jpg,2,2,sch,1,1
Kanagawa_middle_sch_1_2.jpg,2,2,sch,1,2
Kanagawa_middle_sch_1_3.jpg,2,2,sch,1,3
Kanagawa_middle_sch_2_0.jpg,2,2,sch,2,0
Kanagawa_middle_sch_2_1.jpg,2,2,sch,2,1
Kanagawa_middle_sch_2_2.jpg,2,2,sch,2,2
Kanagawa_middle_sch_2_3.jpg,2,2,sch,2,3
Kanagawa_middle_sch_3_0.jpg,2,2,sch,3,0
Kanagawa_middle_sch_3_1.jpg,2,2,sch,3,1
Kanagawa_middle_sch_3_2.jpg,2,2,sch,3,2
Kanagawa_middle_sch_3_3.jpg,2,2,sch,3,3
Kanagawa_middle_sch_4_0.jpg,2,2,sch,4,0
Kanagawa_middle_sch_4_1.jpg,2,2,sch,4,1
Kanagawa_middle_sch_4_2.jpg,2,2,sch,4,2
Kanagawa_middle_sch_4_3.jpg,2,2,sch,4,3
Kanagawa_middle_sch_5_0.jpg,2,2,sch,5,0
Kanagawa_middle_sch_5_1.jpg,2,2,sch,5,1
Kanagawa_middle_sch_5_2.jpg,2,2,sch,5,2
Kanagawa_middle_sch_5_3.jpg,2,2,sch,5,3
Kanagawa_middle_sch_6_0.jpg,2,2,sch,6,0
Kanagawa_middle_sch_6_1.jpg,2,2,sch,6,1
Kanagawa_middle_sch_6_2.jpg,2,2,sch,6,2
Kanagawa_middle_sch_6_3.jpg,2,2,sch,6,3
Kanagawa_middle_sch_7_0.jpg,2,2,sch,7,0
Kanagawa_middle_sch_7_1.jpg,2,2,sch,7,1
Kanagawa_middle_sch_7_2.jpg,2,2,sch,7,2
Kanagawa_middle_sch_7_3.jpg,2,2,sch,7,3
Kanagawa_middle_sch_8_0.jpg,2,2,sch,8,0
Kanagawa_middle_sch_8_1.jpg,2,2,sch,8,1
Kanagawa_middle_sch_8_2.jpg,2,2,sch,8,2
Kanagawa_middle_sch_8_3.jpg,2,2,sch,8,3
Kanagawa_small_pos_1_0.jpg,2,1,pos,1,0
Kanagawa_small_pos_1_1.jpg,2,1,pos,1,1
Kanagawa_small_pos_1_2.jpg,2,1,pos,1,2
Kanagawa_small_pos_1_3.jpg,2,1,pos,1,3
Kanagawa_small_pos_2_0.jpg,2,1,pos,2,0
Kanagawa_small_pos_2_1.jpg,2,1,pos,2,1
Kanagawa_small_pos_2_2.jpg,2,1,pos,2,2
Kanagawa_small_pos_2_3.jpg,2,1,pos,2,3
Kanagawa_small_pos_3_0.jpg,2,1,pos,3,0
Kanagawa_small_pos_3_1.jpg,2,1,pos,3,1
Kanagawa_small_pos_3_2.jpg,2,1,pos,3,2
Kanagawa_small_pos_3_3.jpg,2,1,pos,3,3
Kanagawa_small_pos_4_0.jpg,2,1,pos,4,0
Kanagawa_small_pos_4_1.jpg,2,1,pos,4,1
Kanagawa_small_pos_4_2.jpg,2,1,pos,4,2
Kanagawa_small_pos_4_3.jpg,2,1,pos,4,3
Kanagawa_small_sch_1_0.jpg,2,1,sch,1,0
Kanagawa_small_sch_1_1.jpg,2,1,sch,1,1
Kanagawa_small_sch_1_2.jpg,2,1,sch,1,2
Kanagawa_small_sch_1_3.jpg,2,1,sch,1,3
Kanagawa_small_sch_2_0.jpg,2,1,sch,2,0
Kanagawa_small_sch_2_1.jpg,2,1,sch,2,1
Kanagawa_small_sch_2_2.jpg,2,1,sch,2,2
Kanagawa_small_sch_2_3.jpg,2,1,sch,2,3
Kanagawa_small_sch_3_0.jpg,2,1,sch,3,0
Kanagawa_small_sch_3_1.jpg,2,1,sch,3,1
Kanagawa_small_sch_3_2.jpg,2,1,sch,3,2
Kanagawa_small_sch_3_3.jpg,2,1,sch,3,3
Kanagawa_small_sch_4_0.jpg,2,1,sch,4,0
Kanagawa_small_sch_4_1.jpg,2,1,sch,4,1
Kanagawa_small_sch_4_2.jpg,2,1,sch,4,2
Kanagawa_small_sch_4_3.jpg,2,1,sch,4,3
Niigata_large_pos_1_0.jpg,2,3,pos,1,0
Niigata_large_pos_1_1.jpg,2,3,pos,1,1
Niigata_large_pos_1_2.jpg,2,3,pos,1,2
Niigata_large_pos_1_3.jpg,2,3,pos,1,3
Niigata_large_pos_2_0.jpg,2,3,pos,2,0
Niigata_large_pos_2_1.jpg,2,3,pos,2,1
Niigata_large_pos_2_2.jpg,2,3,pos,2,2
Niigata_large_pos_2_3.jpg,2,3,pos,2,3
Niigata_large_pos_3_0.jpg,2,3,pos,3,0
Niigata_large_pos_3_1.jpg,2,3,pos,3,1
Niigata_large_pos_3_2.jpg,2,3,pos,3,2
Niigata_large_pos_3_3.jpg,2,3,pos,3,3
Niigata_large_pos_4_0.jpg,2,3,pos,4,0
Niigata_large_pos_4_1.jpg,2,3,pos,4,1
Niigata_large_pos_4_2.jpg,2,3,pos,4,2
Niigata_large_pos_4_3.jpg,2,3,pos,4,3
Niigata_large_pos_5_0.jpg,2,3,pos,5,0
Niigata_large_pos_5_1.jpg,2,3,pos,5,1
Niigata_large_pos_5_2.jpg,2,3,pos,5,2
Niigata_large_pos_5_3.jpg,2,3,pos,5,3
Niigata_large_pos_6_0.jpg,2,3,pos,6,0
Niigata_large_pos_6_1.jpg,2,3,pos,6,1
Niigata_large_pos_6_2.jpg,2,3,pos,6,2
Niigata_large_pos_6_3.jpg,2,3,pos,6,3
Niigata_large_pos_7_0.jpg,2,3,pos,7,0
Niigata_large_pos_7_1.jpg,2,3,pos,7,1
Niigata_large_pos_7_2.jpg,2,3,pos,7,2
Niigata_large_pos_7_3.jpg,2,3,pos,7,3
Niigata_large_pos_8_0.jpg,2,3,pos,8,0
Niigata_large_pos_8_1.jpg,2,3,pos,8,1
Niigata_large_pos_8_2.jpg,2,3,pos,8,2
Niigata_large_pos_8_3.jpg,2,3,pos,8,3
Niigata_large_pos_9_0.jpg,2,3,pos,9,0
Niigata_large_pos_9_1.jpg,2,3,pos,9,1
Niigata_large_pos_9_2.jpg,2,3,pos,9,2
Niigata_large_pos_9_3.jpg,2,3,pos,9,3
Niigata_large_pos_10_0.jpg,2,3,pos,10,0
Niigata_large_pos_10_1.jpg,2,3,pos,10,1
Niigata_large_pos_10_2.jpg,2,3,pos,10,2
Niigata_large_pos_10_3.jpg,2,3,pos,10,3
Niigata_large_pos_11_0.jpg,2,3,pos,11,0
Niigata_large_pos_11_1.jpg,2,3,pos,11,1
Niigata_large_pos_11_2.jpg,2,3,pos,11,2
Niigata_large_pos_11_3.jpg,2,3,pos,11,3
Niigata_large_pos_12_0.jpg,2,3,pos,12,0
Niigata_large_pos_12_1.jpg,2,3,pos,12,1
Niigata_large_pos_12_2.jpg,2,3,pos,12,2
Niigata_large_pos_12_3.jpg,2,3,pos,12,3
Niigata_large_sch_1_0.jpg,2,3,sch,1,0
Niigata_large_sch_1_1.jpg,2,3,sch,1,1
Niigata_large_sch_1_2.jpg,2,3,sch,1,2
Niigata_large_sch_1_3.jpg,2,3,sch,1,3
Niigata_large_sch_2_0.jpg,2,3,sch,2,0
Niigata_large_sch_2_1.jpg,2,3,sch,2,1
Niigata_large_sch_2_2.jpg,2,3,sch,2,2
Niigata_large_sch_2_3.jpg,2,3,sch,2,3
Niigata_large_sch_3_0.jpg,2,3,sch,3,0
Niigata_large_sch_3_1.jpg,2,3,sch,3,1
Niigata_large_sch_3_2.jpg,2,3,sch,3,2
Niigata_large_sch_3_3.jpg,2,3,sch,3,3
Niigata_large_sch_4_0.jpg,2,3,sch,4,0
Niigata_large_sch_4_1.jpg,2,3,sch,4,1
Niigata_large_sch_4_2.jpg,2,3,sch,4,2
Niigata_large_sch_4_3.jpg,2,3,sch,4,3
Niigata_large_sch_5_0.jpg,2,3,sch,5,0
Niigata_large_sch_5_1.jpg,2,3,sch,5,1
Niigata_large_sch_5_2.jpg,2,3,sch,5,2
Niigata_large_sch_5_3.jpg,2,3,sch,5,3
Niigata_large_sch_6_0.jpg,2,3,sch,6,0
Niigata_large_sch_6_1.jpg,2,3,sch,6,1
Niigata_large_sch_6_2.jpg,2,3,sch,6,2
Niigata_large_sch_6_3.jpg,2,3,sch,6,3
Niigata_large_sch_7_0.jpg,2,3,sch,7,0
Niigata_large_sch_7_1.jpg,2,3,sch,7,1
Niigata_large_sch_7_2.jpg,2,3,sch,7,2
Niigata_large_sch_7_3.jpg,2,3,sch,7,3
Niigata_large_sch_8_0.jpg,2,3,sch,8,0
Niigata_large_sch_8_1.jpg,2,3,sch,8,1
Niigata_large_sch_8_2.jpg,2,3,sch,8,2
Niigata_large_sch_8_3.jpg,2,3,sch,8,3
Niigata_large_sch_9_0.jpg,2,3,sch,9,0
Niigata_large_sch_9_1.jpg,2,3,sch,9,1
Niigata_large_sch_9_2.jpg,2,3,sch,9,2
Niigata_large_sch_9_3.jpg,2,3,sch,9,3
Niigata_large_sch_10_0.jpg,2,3,sch,10,0
Niigata_large_sch_10_1.jpg,2,3,sch,10,1
Niigata_large_sch_10_2.jpg,2,3,sch,10,2
Niigata_large_sch_10_3.jpg,2,3,sch,10,3
Niigata_large_sch_11_0.jpg,2,3,sch,11,0
Niigata_large_sch_11_1.jpg,2,3,sch,11,1
Niigata_large_sch_11_2.jpg,2,3,sch,11,2
Niigata_large_sch_11_3.jpg,2,3,sch,11,3
Niigata_large_sch_12_0.jpg,2,3,sch,12,0
Niigata_large_sch_12_1.jpg,2,3,sch,12,1
Niigata_large_sch_12_2.jpg,2,3,sch,12,2
Niigata_large_sch_12_3.jpg,2,3,sch,12,3
Niigata_middle_pos_1_0.jpg,2,2,pos,1,0
Niigata_middle_pos_1_1.jpg,2,2,pos,1,1
Niigata_middle_pos_1_2.jpg,2,2,pos,1,2
Niigata_middle_pos_1_3.jpg,2,2,pos,1,3
Niigata_middle_pos_2_0.jpg,2,2,pos,2,0
Niigata_middle_pos_2_1.jpg,2,2,pos,2,1
Niigata_middle_pos_2_2.jpg,2,2,pos,2,2
Niigata_middle_pos_2_3.jpg,2,2,pos,2,3
Niigata_middle_pos_3_0.jpg,2,2,pos,3,0
Niigata_middle_pos_3_1.jpg,2,2,pos,3,1
Niigata_middle_pos_3_2.jpg,2,2,pos,3,2
Niigata_middle_pos_3_3.jpg,2,2,pos,3,3
Niigata_middle_pos_4_0.jpg,2,2,pos,4,0
Niigata_middle_pos_4_1.jpg,2,2,pos,4,1
Niigata_middle_pos_4_2.jpg,2,2,pos,4,2
Niigata_middle_pos_4_3.jpg,2,2,pos,4,3
Niigata_middle_pos_5_0.jpg,2,2,pos,5,0
Niigata_middle_pos_5_1.jpg,2,2,pos,5,1
Niigata_middle_pos_5_2.jpg,2,2,pos,5,2
Niigata_middle_pos_5_3.jpg,2,2,pos,5,3
Niigata_middle_pos_6_0.jpg,2,2,pos,6,0
Niigata_middle_pos_6_1.jpg,2,2,pos,6,1
Niigata_middle_pos_6_2.jpg,2,2,pos,6,2
Niigata_middle_pos_6_3.jpg,2,2,pos,6,3
Niigata_middle_pos_7_0.jpg,2,2,pos,7,0
Niigata_middle_pos_7_1.jpg,2,2,pos,7,1
Niigata_middle_pos_7_2.jpg,2,2,pos,7,2
Niigata_middle_pos_7_3.jpg,2,2,pos,7,3
Niigata_middle_pos_8_0.jpg,2,2,pos,8,0
Niigata_middle_pos_8_1.jpg,2,2,pos,8,1
Niigata_middle_pos_8_2.jpg,2,2,pos,8,2
Niigata_middle_pos_8_3.jpg,2,2,pos,8,3
Niigata_middle_sch_1_0.jpg,2,2,sch,1,0
Niigata_middle_sch_1_1.jpg,2,2,sch,1,1
Niigata_middle_sch_1_2.jpg,2,2,sch,1,2
Niigata_middle_sch_1_3.jpg,2,2,sch,1,3
Niigata_middle_sch_2_0.jpg,2,2,sch,2,0
Niigata_middle_sch_2_1.jpg,2,2,sch,2,1
Niigata_middle_sch_2_2.jpg,2,2,sch,2,2
Niigata_middle_sch_2_3.jpg,2,2,sch,2,3
Niigata_middle_sch_3_0.jpg,2,2,sch,3,0
Niigata_middle_sch_3_1.jpg,2,2,sch,3,1
Niigata_middle_sch_3_2.jpg,2,2,sch,3,2
Niigata_middle_sch_3_3.jpg,2,2,sch,3,3
Niigata_middle_sch_4_0.jpg,2,2,sch,4,0
Niigata_middle_sch_4_1.jpg,2,2,sch,4,1
Niigata_middle_sch_4_2.jpg,2,2,sch,4,2
Niigata_middle_sch_4_3.jpg,2,2,sch,4,3
Niigata_middle_sch_5_0.jpg,2,2,sch,5,0
Niigata_middle_sch_5_1.jpg,2,2,sch,5,1
Niigata_middle_sch_5_2.jpg,2,2,sch,5,2
Niigata_middle_sch_5_3.jpg,2,2,sch,5,3
Niigata_middle_sch_6_0.jpg,2,2,sch,6,0
Niigata_middle_sch_6_1.jpg,2,2,sch,6,1
Niigata_middle_sch_6_2.jpg,2,2,sch,6,2
Niigata_middle_sch_6_3.jpg,2,2,sch,6,3
Niigata_middle_sch_7_0.jpg,2,2,sch,7,0
Niigata_middle_sch_7_1.jpg,2,2,sch,7,1
Niigata_middle_sch_7_2.jpg,2,2,sch,7,2
Niigata_middle_sch_7_3.jpg,2,2,sch,7,3
Niigata_middle_sch_8_0.jpg,2,2,sch,8,0
Niigata_middle_sch_8_1.jpg,2,2,sch,8,1
Niigata_middle_sch_8_2.jpg,2,2,sch,8,2
Niigata_middle_sch_8_3.jpg,2,2,sch,8,3
Niigata_small_pos_1_0.jpg,2,1,pos,1,0
Niigata_small_pos_1_1.jpg,2,1,pos,1,1
Niigata_small_pos_1_2.jpg,2,1,pos,1,2
Niigata_small_pos_1_3.jpg,2,1,pos,1,3
Niigata_small_pos_2_0.jpg,2,1,pos,2,0
Niigata_small_pos_2_1.jpg,2,1,pos,2,1
Niigata_small_pos_2_2.jpg,2,1,pos,2,2
Niigata_small_pos_2_3.jpg,2,1,pos,2,3
Niigata_small_pos_3_0.jpg,2,1,pos,3,0
Niigata_small_pos_3_1.jpg,2,1,pos,3,1
Niigata_small_pos_3_2.jpg,2,1,pos,3,2
Niigata_small_pos_3_3.jpg,2,1,pos,3,3
Niigata_small_pos_4_0.jpg,2,1,pos,4,0
Niigata_small_pos_4_1.jpg,2,1,pos,4,1
Niigata_small_pos_4_2.jpg,2,1,pos,4,2
Niigata_small_pos_4_3.jpg,2,1,pos,4,3
Niigata_small_sch_1_0.jpg,2,1,sch,1,0
Niigata_small_sch_1_1.jpg,2,1,sch,1,1
Niigata_small_sch_1_2.jpg,2,1,sch,1,2
Niigata_small_sch_1_3.jpg,2,1,sch,1,3
Niigata_small_sch_2_0.jpg,2,1,sch,2,0
Niigata_small_sch_2_1.jpg,2,1,sch,2,1
Niigata_small_sch_2_2.jpg,2,1,sch,2,2
Niigata_small_sch_2_3.jpg,2,1,sch,2,3
Niigata_small_sch_3_0.jpg,2,1,sch,3,0
Niigata_small_sch_3_1.jpg,2,1,sch,3,1
Niigata_small_sch_3_2.jpg,2,1,sch,3,2
Niigata_small_sch_3_3.jpg,2,1,sch,3,3
Niigata_small_sch_4_0.jpg,2,1,sch,4,0
Niigata_small_sch_4_1.jpg,2,1,sch,4,1
Niigata_small_sch_4_2.jpg,2,1,sch,4,2
Niigata_small_sch_4_3.jpg,2,1,sch,4,3
Okinawa_large_pos_1_0.jpg,1,3,pos,1,0
Okinawa_large_pos_1_1.jpg,1,3,pos,1,1
Okinawa_large_pos_1_2.jpg,1,3,pos,1,2
Okinawa_large_pos_1_3.jpg,1,3,pos,1,3
Okinawa_large_pos_2_0.jpg,1,3,pos,2,0
Okinawa_large_pos_2_1.jpg,1,3,pos,2,1
Okinawa_large_pos_2_2.jpg,1,3,pos,2,2
Okinawa_large_pos_2_3.jpg,1,3,pos,2,3
Okinawa_large_pos_3_0.jpg,1,3,pos,3,0
Okinawa_large_pos_3_1.jpg,1,3,pos,3,1
Okinawa_large_pos_3_2.jpg,1,3,pos,3,2
Okinawa_large_pos_3_3.jpg,1,3,pos,3,3
Okinawa_large_pos_4_0.jpg,1,3,pos,4,0
Okinawa_large_pos_4_1.jpg,1,3,pos,4,1
Okinawa_large_pos_4_2.jpg,1,3,pos,4,2
Okinawa_large_pos_4_3.jpg,1,3,pos,4,3
Okinawa_large_pos_5_0.jpg,1,3,pos,5,0
Okinawa_large_pos_5_1.jpg,1,3,pos,5,1
Okinawa_large_pos_5_2.jpg,1,3,pos,5,2
Okinawa_large_pos_5_3.jpg,1,3,pos,5,3
Okinawa_large_pos_6_0.jpg,1,3,pos,6,0
Okinawa_large_pos_6_1.jpg,1,3,pos,6,1
Okinawa_large_pos_6_2.jpg,1,3,pos,6,2
Okinawa_large_pos_6_3.jpg,1,3,pos,6,3
Okinawa_large_pos_7_0.jpg,1,3,pos,7,0
Okinawa_large_pos_7_1.jpg,1,3,pos,7,1
Okinawa_large_pos_7_2.jpg,1,3,pos,7,2
Okinawa_large_pos_7_3.jpg,1,3,pos,7,3
Okinawa_large_pos_8_0.jpg,1,3,pos,8,0
Okinawa_large_pos_8_1.jpg,1,3,pos,8,1
Okinawa_large_pos_8_2.jpg,1,3,pos,8,2
Okinawa_large_pos_8_3.jpg,1,3,pos,8,3
Okinawa_large_pos_9_0.jpg,1,3,pos,9,0
Okinawa_large_pos_9_1.jpg,1,3,pos,9,1
Okinawa_large_pos_9_2.jpg,1,3,pos,9,2
Okinawa_large_pos_9_3.jpg,1,3,pos,9,3
Okinawa_large_pos_10_0.jpg,1,3,pos,10,0
Okinawa_large_pos_10_1.jpg,1,3,pos,10,1
Okinawa_large_pos_10_2.jpg,1,3,pos,10,2
Okinawa_large_pos_10_3.jpg,1,3,pos,10,3
Okinawa_large_pos_11_0.jpg,1,3,pos,11,0
Okinawa_large_pos_11_1.jpg,1,3,pos,11,1
Okinawa_large_pos_11_2.jpg,1,3,pos,11,2
Okinawa_large_pos_11_3.jpg,1,3,pos,11,3
Okinawa_large_pos_12_0.jpg,1,3,pos,12,0
Okinawa_large_pos_12_1.jpg,1,3,pos,12,1
Okinawa_large_pos_12_2.jpg,1,3,pos,12,2
Okinawa_large_pos_12_3.jpg,1,3,pos,12,3
Okinawa_large_sch_1_0.jpg,1,3,sch,1,0
Okinawa_large_sch_1_1.jpg,1,3,sch,1,1
Okinawa_large_sch_1_2.jpg,1,3,sch,1,2
Okinawa_large_sch_1_3.jpg,1,3,sch,1,3
Okinawa_large_sch_2_0.jpg,1,3,sch,2,0
Okinawa_large_sch_2_1.jpg,1,3,sch,2,1
Okinawa_large_sch_2_2.jpg,1,3,sch,2,2
Okinawa_large_sch_2_3.jpg,1,3,sch,2,3
Okinawa_large_sch_3_0.jpg,1,3,sch,3,0
Okinawa_large_sch_3_1.jpg,1,3,sch,3,1
Okinawa_large_sch_3_2.jpg,1,3,sch,3,2
Okinawa_large_sch_3_3.jpg,1,3,sch,3,3
Okinawa_large_sch_4_0.jpg,1,3,sch,4,0
Okinawa_large_sch_4_1.jpg,1,3,sch,4,1
Okinawa_large_sch_4_2.jpg,1,3,sch,4,2
Okinawa_large_sch_4_3.jpg,1,3,sch,4,3
Okinawa_large_sch_5_0.jpg,1,3,sch,5,0
Okinawa_large_sch_5_1.jpg,1,3,sch,5,1
Okinawa_large_sch_5_2.jpg,1,3,sch,5,2
Okinawa_large_sch_5_3.jpg,1,3,sch,5,3
Okinawa_large_sch_6_0.jpg,1,3,sch,6,0
Okinawa_large_sch_6_1.jpg,1,3,sch,6,1
Okinawa_large_sch_6_2.jpg,1,3,sch,6,2
Okinawa_large_sch_6_3.jpg,1,3,sch,6,3
Okinawa_large_sch_7_0.jpg,1,3,sch,7,0
Okinawa_large_sch_7_1.jpg,1,3,sch,7,1
Okinawa_large_sch_7_2.jpg,1,3,sch,7,2
Okinawa_large_sch_7_3.jpg,1,3,sch,7,3
Okinawa_large_sch_8_0.jpg,1,3,sch,8,0
Okinawa_large_sch_8_1.jpg,1,3,sch,8,1
Okinawa_large_sch_8_2.jpg,1,3,sch,8,2
Okinawa_large_sch_8_3.jpg,1,3,sch,8,3
Okinawa_large_sch_9_0.jpg,1,3,sch,9,0
Okinawa_large_sch_9_1.jpg,1,3,sch,9,1
Okinawa_large_sch_9_2.jpg,1,3,sch,9,2
Okinawa_large_sch_9_3.jpg,1,3,sch,9,3
Okinawa_large_sch_10_0.jpg,1,3,sch,10,0
Okinawa_large_sch_10_1.jpg,1,3,sch,10,1
Okinawa_large_sch_10_2.jpg,1,3,sch,10,2
Okinawa_large_sch_10_3.jpg,1,3,sch,10,3
Okinawa_large_sch_11_0.jpg,1,3,sch,11,0
Okinawa_large_sch_11_1.jpg,1,3,sch,11,1
Okinawa_large_sch_11_2.jpg,1,3,sch,11,2
Okinawa_large_sch_11_3.jpg,1,3,sch,11,3
Okinawa_large_sch_12_0.jpg,1,3,sch,12,0
Okinawa_large_sch_12_1.jpg,1,3,sch,12,1
Okinawa_large_sch_12_2.jpg,1,3,sch,12,2
Okinawa_large_sch_12_3.jpg,1,3,sch,12,3
Okinawa_middle_pos_1_0.jpg,1,2,pos,1,0
Okinawa_middle_pos_1_1.jpg,1,2,pos,1,1
Okinawa_middle_pos_1_2.jpg,1,2,pos,1,2
Okinawa_middle_pos_1_3.jpg,1,2,pos,1,3
Okinawa_middle_pos_2_0.jpg,1,2,pos,2,0
Okinawa_middle_pos_2_1.jpg,1,2,pos,2,1
Okinawa_middle_pos_2_2.jpg,1,2,pos,2,2
Okinawa_middle_pos_2_3.jpg,1,2,pos,2,3
Okinawa_middle_pos_3_0.jpg,1,2,pos,3,0
Okinawa_middle_pos_3_1.jpg,1,2,pos,3,1
Okinawa_middle_pos_3_2.jpg,1,2,pos,3,2
Okinawa_middle_pos_3_3.jpg,1,2,pos,3,3
Okinawa_middle_pos_4_0.jpg,1,2,pos,4,0
Okinawa_middle_pos_4_1.jpg,1,2,pos,4,1
Okinawa_middle_pos_4_2.jpg,1,2,pos,4,2
Okinawa_middle_pos_4_3.jpg,1,2,pos,4,3
Okinawa_middle_pos_5_0.jpg,1,2,pos,5,0
Okinawa_middle_pos_5_1.jpg,1,2,pos,5,1
Okinawa_middle_pos_5_2.jpg,1,2,pos,5,2
Okinawa_middle_pos_5_3.jpg,1,2,pos,5,3
Okinawa_middle_pos_6_0.jpg,1,2,pos,6,0
Okinawa_middle_pos_6_1.jpg,1,2,pos,6,1
Okinawa_middle_pos_6_2.jpg,1,2,pos,6,2
Okinawa_middle_pos_6_3.jpg,1,2,pos,6,3
Okinawa_middle_pos_7_0.jpg,1,2,pos,7,0
Okinawa_middle_pos_7_1.jpg,1,2,pos,7,1
Okinawa_middle_pos_7_2.jpg,1,2,pos,7,2
Okinawa_middle_pos_7_3.jpg,1,2,pos,7,3
Okinawa_middle_pos_8_0.jpg,1,2,pos,8,0
Okinawa_middle_pos_8_1.jpg,1,2,pos,8,1
Okinawa_middle_pos_8_2.jpg,1,2,pos,8,2
Okinawa_middle_pos_8_3.jpg,1,2,pos,8,3
Okinawa_middle_sch_1_0.jpg,1,2,sch,1,0
Okinawa_middle_sch_1_1.jpg,1,2,sch,1,1
Okinawa_middle_sch_1_2.jpg,1,2,sch,1,2
Okinawa_middle_sch_1_3.jpg,1,2,sch,1,3
Okinawa_middle_sch_2_0.jpg,1,2,sch,2,0
Okinawa_middle_sch_2_1.jpg,1,2,sch,2,1
Okinawa_middle_sch_2_2.jpg,1,2,sch,2,2
Okinawa_middle_sch_2_3.jpg,1,2,sch,2,3
Okinawa_middle_sch_3_0.jpg,1,2,sch,3,0
Okinawa_middle_sch_3_1.jpg,1,2,sch,3,1
Okinawa_middle_sch_3_2.jpg,1,2,sch,3,2
Okinawa_middle_sch_3_3.jpg,1,2,sch,3,3
Okinawa_middle_sch_4_0.jpg,1,2,sch,4,0
Okinawa_middle_sch_4_1.jpg,1,2,sch,4,1
Okinawa_middle_sch_4_2.jpg,1,2,sch,4,2
Okinawa_middle_sch_4_3.jpg,1,2,sch,4,3
Okinawa_middle_sch_5_0.jpg,1,2,sch,5,0
Okinawa_middle_sch_5_1.jpg,1,2,sch,5,1
Okinawa_middle_sch_5_2.jpg,1,2,sch,5,2
Okinawa_middle_sch_5_3.jpg,1,2,sch,5,3
Okinawa_middle_sch_6_0.jpg,1,2,sch,6,0
Okinawa_middle_sch_6_1.jpg,1,2,sch,6,1
Okinawa_middle_sch_6_2.jpg,1,2,sch,6,2
Okinawa_middle_sch_6_3.jpg,1,2,sch,6,3
Okinawa_middle_sch_7_0.jpg,1,2,sch,7,0
Okinawa_middle_sch_7_1.jpg,1,2,sch,7,1
Okinawa_middle_sch_7_2.jpg,1,2,sch,7,2
Okinawa_middle_sch_7_3.jpg,1,2,sch,7,3
Okinawa_middle_sch_8_0.jpg,1,2,sch,8,0
Okinawa_middle_sch_8_1.jpg,1,2,sch,8,1
Okinawa_middle_sch_8_2.jpg,1,2,sch,8,2
Okinawa_middle_sch_8_3.jpg,1,2,sch,8,3
Okinawa_small_pos_1_0.jpg,1,1,pos,1,0
Okinawa_small_pos_1_1.jpg,1,1,pos,1,1
Okinawa_small_pos_1_2.jpg,1,1,pos,1,2
Okinawa_small_pos_1_3.jpg,1,1,pos,1,3
Okinawa_small_pos_2_0.jpg,1,1,pos,2,0
Okinawa_small_pos_2_1.jpg,1,1,pos,2,1
Okinawa_small_pos_2_2.jpg,1,1,pos,2,2
Okinawa_small_pos_2_3.jpg,1,1,pos,2,3
Okinawa_small_pos_3_0.jpg,1,1,pos,3,0
Okinawa_small_pos_3_1.jpg,1,1,pos,3,1
Okinawa_small_pos_3_2.jpg,1,1,pos,3,2
Okinawa_small_pos_3_3.jpg,1,1,pos,3,3
Okinawa_small_pos_4_0.jpg,1,1,pos,4,0
Okinawa_small_pos_4_1.jpg,1,1,pos,4,1
Okinawa_small_pos_4_2.jpg,1,1,pos,4,2
Okinawa_small_pos_4_3.jpg,1,1,pos,4,3
Okinawa_small_sch_1_0.jpg,1,1,sch,1,0
Okinawa_small_sch_1_1.jpg,1,1,sch,1,1
Okinawa_small_sch_1_2.jpg,1,1,sch,1,2
Okinawa_small_sch_1_3.jpg,1,1,sch,1,3
Okinawa_small_sch_2_0.jpg,1,1,sch,2,0
Okinawa_small_sch_2_1.jpg,1,1,sch,2,1
Okinawa_small_sch_2_2.jpg,1,1,sch,2,2
Okinawa_small_sch_2_3.jpg,1,1,sch,2,3
Okinawa_small_sch_3_0.jpg,1,1,sch,3,0
Okinawa_small_sch_3_1.jpg,1,1,sch,3,1
Okinawa_small_sch_3_2.jpg,1,1,sch,3,2
Okinawa_small_sch_3_3.jpg,1,1,sch,3,3
Okinawa_small_sch_4_0.jpg,1,1,sch,4,0
Okinawa_small_sch_4_1.jpg,1,1,sch,4,1
Okinawa_small_sch_4_2.jpg,1,1,sch,4,2
Okinawa_small_sch_4_3.jpg,1,1,sch,4,3
Tokyo_large_pos_1_0.jpg,1,3,pos,1,0
Tokyo_large_pos_1_1.jpg,1,3,pos,1,1
Tokyo_large_pos_1_2.jpg,1,3,pos,1,2
Tokyo_large_pos_1_3.jpg,1,3,pos,1,3
Tokyo_large_pos_2_0.jpg,1,3,pos,2,0
Tokyo_large_pos_2_1.jpg,1,3,pos,2,1
Tokyo_large_pos_2_2.jpg,1,3,pos,2,2
Tokyo_large_pos_2_3.jpg,1,3,pos,2,3
Tokyo_large_pos_3_0.jpg,1,3,pos,3,0
Tokyo_large_pos_3_1.jpg,1,3,pos,3,1
Tokyo_large_pos_3_2.jpg,1,3,pos,3,2
Tokyo_large_pos_3_3.jpg,1,3,pos,3,3
Tokyo_large_pos_4_0.jpg,1,3,pos,4,0
Tokyo_large_pos_4_1.jpg,1,3,pos,4,1
Tokyo_large_pos_4_2.jpg,1,3,pos,4,2
Tokyo_large_pos_4_3.jpg,1,3,pos,4,3
Tokyo_large_pos_5_0.jpg,1,3,pos,5,0
Tokyo_large_pos_5_1.jpg,1,3,pos,5,1
Tokyo_large_pos_5_2.jpg,1,3,pos,5,2
Tokyo_large_pos_5_3.jpg,1,3,pos,5,3
Tokyo_large_pos_6_0.jpg,1,3,pos,6,0
Tokyo_large_pos_6_1.jpg,1,3,pos,6,1
Tokyo_large_pos_6_2.jpg,1,3,pos,6,2
Tokyo_large_pos_6_3.jpg,1,3,pos,6,3
Tokyo_large_pos_7_0.jpg,1,3,pos,7,0
Tokyo_large_pos_7_1.jpg,1,3,pos,7,1
Tokyo_large_pos_7_2.jpg,1,3,pos,7,2
Tokyo_large_pos_7_3.jpg,1,3,pos,7,3
Tokyo_large_pos_8_0.jpg,1,3,pos,8,0
Tokyo_large_pos_8_1.jpg,1,3,pos,8,1
Tokyo_large_pos_8_2.jpg,1,3,pos,8,2
Tokyo_large_pos_8_3.jpg,1,3,pos,8,3
Tokyo_large_pos_9_0.jpg,1,3,pos,9,0
Tokyo_large_pos_9_1.jpg,1,3,pos,9,1
Tokyo_large_pos_9_2.jpg,1,3,pos,9,2
Tokyo_large_pos_9_3.jpg,1,3,pos,9,3
Tokyo_large_pos_10_0.jpg,1,3,pos,10,0
Tokyo_large_pos_10_1.jpg,1,3,pos,10,1
Tokyo_large_pos_10_2.jpg,1,3,pos,10,2
Tokyo_large_pos_10_3.jpg,1,3,pos,10,3
Tokyo_large_pos_11_0.jpg,1,3,pos,11,0
Tokyo_large_pos_11_1.jpg,1,3,pos,11,1
Tokyo_large_pos_11_2.jpg,1,3,pos,11,2
Tokyo_large_pos_11_3.jpg,1,3,pos,11,3
Tokyo_large_pos_12_0.jpg,1,3,pos,12,0
Tokyo_large_pos_12_1.jpg,1,3,pos,12,1
Tokyo_large_pos_12_2.jpg,1,3,pos,12,2
Tokyo_large_pos_12_3.jpg,1,3,pos,12,3
Tokyo_large_sch_1_0.jpg,1,3,sch,1,0
Tokyo_large_sch_1_1.jpg,1,3,sch,1,1
Tokyo_large_sch_1_2.jpg,1,3,sch,1,2
Tokyo_large_sch_1_3.jpg,1,3,sch,1,3
Tokyo_large_sch_2_0.jpg,1,3,sch,2,0
Tokyo_large_sch_2_1.jpg,1,3,sch,2,1
Tokyo_large_sch_2_2.jpg,1,3,sch,2,2
Tokyo_large_sch_2_3.jpg,1,3,sch,2,3
Tokyo_large_sch_3_0.jpg,1,3,sch,3,0
Tokyo_large_sch_3_1.jpg,1,3,sch,3,1
Tokyo_large_sch_3_2.jpg,1,3,sch,3,2
Tokyo_large_sch_3_3.jpg,1,3,sch,3,3
Tokyo_large_sch_4_0.jpg,1,3,sch,4,0
Tokyo_large_sch_4_1.jpg,1,3,sch,4,1
Tokyo_large_sch_4_2.jpg,1,3,sch,4,2
Tokyo_large_sch_4_3.jpg,1,3,sch,4,3
Tokyo_large_sch_5_0.jpg,1,3,sch,5,0
Tokyo_large_sch_5_1.jpg,1,3,sch,5,1
Tokyo_large_sch_5_2.jpg,1,3,sch,5,2
Tokyo_large_sch_5_3.jpg,1,3,sch,5,3
Tokyo_large_sch_6_0.jpg,1,3,sch,6,0
Tokyo_large_sch_6_1.jpg,1,3,sch,6,1
Tokyo_large_sch_6_2.jpg,1,3,sch,6,2
Tokyo_large_sch_6_3.jpg,1,3,sch,6,3
Tokyo_large_sch_7_0.jpg,1,3,sch,7,0
Tokyo_large_sch_7_1.jpg,1,3,sch,7,1
Tokyo_large_sch_7_2.jpg,1,3,sch,7,2
Tokyo_large_sch_7_3.jpg,1,3,sch,7,3
Tokyo_large_sch_8_0.jpg,1,3,sch,8,0
Tokyo_large_sch_8_1.jpg,1,3,sch,8,1
Tokyo_large_sch_8_2.jpg,1,3,sch,8,2
Tokyo_large_sch_8_3.jpg,1,3,sch,8,3
Tokyo_large_sch_9_0.jpg,1,3,sch,9,0
Tokyo_large_sch_9_1.jpg,1,3,sch,9,1
Tokyo_large_sch_9_2.jpg,1,3,sch,9,2
Tokyo_large_sch_9_3.jpg,1,3,sch,9,3
Tokyo_large_sch_10_0.jpg,1,3,sch,10,0
Tokyo_large_sch_10_1.jpg,1,3,sch,10,1
Tokyo_large_sch_10_2.jpg,1,3,sch,10,2
Tokyo_large_sch_10_3.jpg,1,3,sch,10,3
Tokyo_large_sch_11_0.jpg,1,3,sch,11,0
Tokyo_large_sch_11_1.jpg,1,3,sch,11,1
Tokyo_large_sch_11_2.jpg,1,3,sch,11,2
Tokyo_large_sch_11_3.jpg,1,3,sch,11,3
Tokyo_large_sch_12_0.jpg,1,3,sch,12,0
Tokyo_large_sch_12_1.jpg,1,3,sch,12,1
Tokyo_large_sch_12_2.jpg,1,3,sch,12,2
Tokyo_large_sch_12_3.jpg,1,3,sch,12,3
Tokyo_middle_pos_1_0.jpg,1,2,pos,1,0
Tokyo_middle_pos_1_1.jpg,1,2,pos,1,1
Tokyo_middle_pos_1_2.jpg,1,2,pos,1,2
Tokyo_middle_pos_1_3.jpg,1,2,pos,1,3
Tokyo_middle_pos_2_0.jpg,1,2,pos,2,0
Tokyo_middle_pos_2_1.jpg,1,2,pos,2,1
Tokyo_middle_pos_2_2.jpg,1,2,pos,2,2
Tokyo_middle_pos_2_3.jpg,1,2,pos,2,3
Tokyo_middle_pos_3_0.jpg,1,2,pos,3,0
Tokyo_middle_pos_3_1.jpg,1,2,pos,3,1
Tokyo_middle_pos_3_2.jpg,1,2,pos,3,2
Tokyo_middle_pos_3_3.jpg,1,2,pos,3,3
Tokyo_middle_pos_4_0.jpg,1,2,pos,4,0
Tokyo_middle_pos_4_1.jpg,1,2,pos,4,1
Tokyo_middle_pos_4_2.jpg,1,2,pos,4,2
Tokyo_middle_pos_4_3.jpg,1,2,pos,4,3
Tokyo_middle_pos_5_0.jpg,1,2,pos,5,0
Tokyo_middle_pos_5_1.jpg,1,2,pos,5,1
Tokyo_middle_pos_5_2.jpg,1,2,pos,5,2
Tokyo_middle_pos_5_3.jpg,1,2,pos,5,3
Tokyo_middle_pos_6_0.jpg,1,2,pos,6,0
Tokyo_middle_pos_6_1.jpg,1,2,pos,6,1
Tokyo_middle_pos_6_2.jpg,1,2,pos,6,2
Tokyo_middle_pos_6_3.jpg,1,2,pos,6,3
Tokyo_middle_pos_7_0.jpg,1,2,pos,7,0
Tokyo_middle_pos_7_1.jpg,1,2,pos,7,1
Tokyo_middle_pos_7_2.jpg,1,2,pos,7,2
Tokyo_middle_pos_7_3.jpg,1,2,pos,7,3
Tokyo_middle_pos_8_0.jpg,1,2,pos,8,0
Tokyo_middle_pos_8_1.jpg,1,2,pos,8,1
Tokyo_middle_pos_8_2.jpg,1,2,pos,8,2
Tokyo_middle_pos_8_3.jpg,1,2,pos,8,3
Tokyo_middle_sch_1_0.jpg,1,2,sch,1,0
Tokyo_middle_sch_1_1.jpg,1,2,sch,1,1
Tokyo_middle_sch_1_2.jpg,1,2,sch,1,2
Tokyo_middle_sch_1_3.jpg,1,2,sch,1,3
Tokyo_middle_sch_2_0.jpg,1,2,sch,2,0
Tokyo_middle_sch_2_1.jpg,1,2,sch,2,1
Tokyo_middle_sch_2_2.jpg,1,2,sch,2,2
Tokyo_middle_sch_2_3.jpg,1,2,sch,2,3
Tokyo_middle_sch_3_0.jpg,1,2,sch,3,0
Tokyo_middle_sch_3_1.jpg,1,2,sch,3,1
Tokyo_middle_sch_3_2.jpg,1,2,sch,3,2
Tokyo_middle_sch_3_3.jpg,1,2,sch,3,3
Tokyo_middle_sch_4_0.jpg,1,2,sch,4,0
Tokyo_middle_sch_4_1.jpg,1,2,sch,4,1
Tokyo_middle_sch_4_2.jpg,1,2,sch,4,2
Tokyo_middle_sch_4_3.jpg,1,2,sch,4,3
Tokyo_middle_sch_5_0.jpg,1,2,sch,5,0
Tokyo_middle_sch_5_1.jpg,1,2,sch,5,1
Tokyo_middle_sch_5_2.jpg,1,2,sch,5,2
Tokyo_middle_sch_5_3.jpg,1,2,sch,5,3
Tokyo_middle_sch_6_0.jpg,1,2,sch,6,0
Tokyo_middle_sch_6_1.jpg,1,2,sch,6,1
Tokyo_middle_sch_6_2.jpg,1,2,sch,6,2
Tokyo_middle_sch_6_3.jpg,1,2,sch,6,3
Tokyo_middle_sch_7_0.jpg,1,2,sch,7,0
Tokyo_middle_sch_7_1.jpg,1,2,sch,7,1
Tokyo_middle_sch_7_2.jpg,1,2,sch,7,2
Tokyo_middle_sch_7_3.jpg,1,2,sch,7,3
Tokyo_middle_sch_8_0.jpg,1,2,sch,8,0
Tokyo_middle_sch_8_1.jpg,1,2,sch,8,1
Tokyo_middle_sch_8_2.jpg,1,2,sch,8,2
Tokyo_middle_sch_8_3.jpg,1,2,sch,8,3
Tokyo_small_pos_1_0.jpg,1,1,pos,1,0
Tokyo_small_pos_1_1.jpg,1,1,pos,1,1
Tokyo_small_pos_1_2.jpg,1,1,pos,1,2
Tokyo_small_pos_1_3.jpg,1,1,pos,1,3
Tokyo_small_pos_2_0.jpg,1,1,pos,2,0
Tokyo_small_pos_2_1.jpg,1,1,pos,2,1
Tokyo_small_pos_2_2.jpg,1,1,pos,2,2
Tokyo_small_pos_2_3.jpg,1,1,pos,2,3
Tokyo_small_pos_3_0.jpg,1,1,pos,3,0
Tokyo_small_pos_3_1.jpg,1,1,pos,3,1
Tokyo_small_pos_3_2.jpg,1,1,pos,3,2
Tokyo_small_pos_3_3.jpg,1,1,pos,3,3
Tokyo_small_pos_4_0.jpg,1,1,pos,4,0
Tokyo_small_pos_4_1.jpg,1,1,pos,4,1
Tokyo_small_pos_4_2.jpg,1,1,pos,4,2
Tokyo_small_pos_4_3.jpg,1,1,pos,4,3
Tokyo_small_sch_1_0.jpg,1,1,sch,1,0
Tokyo_small_sch_1_1.jpg,1,1,sch,1,1
Tokyo_small_sch_1_2.jpg,1,1,sch,1,2
Tokyo_small_sch_1_3.jpg,1,1,sch,1,3
Tokyo_small_sch_2_0.jpg,1,1,sch,2,0
Tokyo_small_sch_2_1.jpg,1,1,sch,2,1
Tokyo_small_sch_2_2.jpg,1,1,sch,2,2
Tokyo_small_sch_2_3.jpg,1,1,sch,2,3
Tokyo_small_sch_3_0.jpg,1,1,sch,3,0
Tokyo_small_sch_3_1.jpg,1,1,sch,3,1
Tokyo_small_sch_3_2.jpg,1,1,sch,3,2
Tokyo_small_sch_3_3.jpg,1,1,sch,3,3
Tokyo_small_sch_4_0.jpg,1,1,sch,4,0
Tokyo_small_sch_4_1.jpg,1,1,sch,4,1
Tokyo_small_sch_4_2.jpg,1,1,sch,4,2
Tokyo_small_sch_4_3.jpg,1,1,sch,4,3
Toyama_large_pos_1_0.jpg,2,3,pos,1,0
Toyama_large_pos_1_1.jpg,2,3,pos,1,1
Toyama_large_pos_1_2.jpg,2,3,pos,1,2
Toyama_large_pos_1_3.jpg,2,3,pos,1,3
Toyama_large_pos_2_0.jpg,2,3,pos,2,0
Toyama_large_pos_2_1.jpg,2,3,pos,2,1
Toyama_large_pos_2_2.jpg,2,3,pos,2,2
Toyama_large_pos_2_3.jpg,2,3,pos,2,3
Toyama_large_pos_3_0.jpg,2,3,pos,3,0
Toyama_large_pos_3_1.jpg,2,3,pos,3,1
Toyama_large_pos_3_2.jpg,2,3,pos,3,2
Toyama_large_pos_3_3.jpg,2,3,pos,3,3
Toyama_large_pos_4_0.jpg,2,3,pos,4,0
Toyama_large_pos_4_1.jpg,2,3,pos,4,1
Toyama_large_pos_4_2.jpg,2,3,pos,4,2
Toyama_large_pos_4_3.jpg,2,3,pos,4,3
Toyama_large_pos_5_0.jpg,2,3,pos,5,0
Toyama_large_pos_5_1.jpg,2,3,pos,5,1
Toyama_large_pos_5_2.jpg,2,3,pos,5,2
Toyama_large_pos_5_3.jpg,2,3,pos,5,3
Toyama_large_pos_6_0.jpg,2,3,pos,6,0
Toyama_large_pos_6_1.jpg,2,3,pos,6,1
Toyama_large_pos_6_2.jpg,2,3,pos,6,2
Toyama_large_pos_6_3.jpg,2,3,pos,6,3
Toyama_large_pos_7_0.jpg,2,3,pos,7,0
Toyama_large_pos_7_1.jpg,2,3,pos,7,1
Toyama_large_pos_7_2.jpg,2,3,pos,7,2
Toyama_large_pos_7_3.jpg,2,3,pos,7,3
Toyama_large_pos_8_0.jpg,2,3,pos,8,0
Toyama_large_pos_8_1.jpg,2,3,pos,8,1
Toyama_large_pos_8_2.jpg,2,3,pos,8,2
Toyama_large_pos_8_3.jpg,2,3,pos,8,3
Toyama_large_pos_9_0.jpg,2,3,pos,9,0
Toyama_large_pos_9_1.jpg,2,3,pos,9,1
Toyama_large_pos_9_2.jpg,2,3,pos,9,2
Toyama_large_pos_9_3.jpg,2,3,pos,9,3
Toyama_large_pos_10_0.jpg,2,3,pos,10,0
Toyama_large_pos_10_1.jpg,2,3,pos,10,1
Toyama_large_pos_10_2.jpg,2,3,pos,10,2
Toyama_large_pos_10_3.jpg,2,3,pos,10,3
Toyama_large_pos_11_0.jpg,2,3,pos,11,0
Toyama_large_pos_11_1.jpg,2,3,pos,11,1
Toyama_large_pos_11_2.jpg,2,3,pos,11,2
Toyama_large_pos_11_3.jpg,2,3,pos,11,3
Toyama_large_pos_12_0.jpg,2,3,pos,12,0
Toyama_large_pos_12_1.jpg,2,3,pos,12,1
Toyama_large_pos_12_2.jpg,2,3,pos,12,2
Toyama_large_pos_12_3.jpg,2,3,pos,12,3
Toyama_large_sch_1_0.jpg,2,3,sch,1,0
Toyama_large_sch_1_1.jpg,2,3,sch,1,1
Toyama_large_sch_1_2.jpg,2,3,sch,1,2
Toyama_large_sch_1_3.jpg,2,3,sch,1,3
Toyama_large_sch_2_0.jpg,2,3,sch,2,0
Toyama_large_sch_2_1.jpg,2,3,sch,2,1
Toyama_large_sch_2_2.jpg,2,3,sch,2,2
Toyama_large_sch_2_3.jpg,2,3,sch,2,3
Toyama_large_sch_3_0.jpg,2,3,sch,3,0
Toyama_large_sch_3_1.jpg,2,3,sch,3,1
Toyama_large_sch_3_2.jpg,2,3,sch,3,2
Toyama_large_sch_3_3.jpg,2,3,sch,3,3
Toyama_large_sch_4_0.jpg,2,3,sch,4,0
Toyama_large_sch_4_1.jpg,2,3,sch,4,1
Toyama_large_sch_4_2.jpg,2,3,sch,4,2
Toyama_large_sch_4_3.jpg,2,3,sch,4,3
Toyama_large_sch_5_0.jpg,2,3,sch,5,0
Toyama_large_sch_5_1.jpg,2,3,sch,5,1
Toyama_large_sch_5_2.jpg,2,3,sch,5,2
Toyama_large_sch_5_3.jpg,2,3,sch,5,3
Toyama_large_sch_6_0.jpg,2,3,sch,6,0
Toyama_large_sch_6_1.jpg,2,3,sch,6,1
Toyama_large_sch_6_2.jpg,2,3,sch,6,2
Toyama_large_sch_6_3.jpg,2,3,sch,6,3
Toyama_large_sch_7_0.jpg,2,3,sch,7,0
Toyama_large_sch_7_1.jpg,2,3,sch,7,1
Toyama_large_sch_7_2.jpg,2,3,sch,7,2
Toyama_large_sch_7_3.jpg,2,3,sch,7,3
Toyama_large_sch_8_0.jpg,2,3,sch,8,0
Toyama_large_sch_8_1.jpg,2,3,sch,8,1
Toyama_large_sch_8_2.jpg,2,3,sch,8,2
Toyama_large_sch_8_3.jpg,2,3,sch,8,3
Toyama_large_sch_9_0.jpg,2,3,sch,9,0
Toyama_large_sch_9_1.jpg,2,3,sch,9,1
Toyama_large_sch_9_2.jpg,2,3,sch,9,2
Toyama_large_sch_9_3.jpg,2,3,sch,9,3
Toyama_large_sch_10_0.jpg,2,3,sch,10,0
Toyama_large_sch_10_1.jpg,2,3,sch,10,1
Toyama_large_sch_10_2.jpg,2,3,sch,10,2
Toyama_large_sch_10_3.jpg,2,3,sch,10,3
Toyama_large_sch_11_0.jpg,2,3,sch,11,0
Toyama_large_sch_11_1.jpg,2,3,sch,11,1
Toyama_large_sch_11_2.jpg,2,3,sch,11,2
Toyama_large_sch_11_3.jpg,2,3,sch,11,3
Toyama_large_sch_12_0.jpg,2,3,sch,12,0
Toyama_large_sch_12_1.jpg,2,3,sch,12,1
Toyama_large_sch_12_2.jpg,2,3,sch,12,2
Toyama_large_sch_12_3.jpg,2,3,sch,12,3
Toyama_middle_pos_1_0.jpg,2,2,pos,1,0
Toyama_middle_pos_1_1.jpg,2,2,pos,1,1
Toyama_middle_pos_1_2.jpg,2,2,pos,1,2
Toyama_middle_pos_1_3.jpg,2,2,pos,1,3
Toyama_middle_pos_2_0.jpg,2,2,pos,2,0
Toyama_middle_pos_2_1.jpg,2,2,pos,2,1
Toyama_middle_pos_2_2.jpg,2,2,pos,2,2
Toyama_middle_pos_2_3.jpg,2,2,pos,2,3
Toyama_middle_pos_3_0.jpg,2,2,pos,3,0
Toyama_middle_pos_3_1.jpg,2,2,pos,3,1
Toyama_middle_pos_3_2.jpg,2,2,pos,3,2
Toyama_middle_pos_3_3.jpg,2,2,pos,3,3
Toyama_middle_pos_4_0.jpg,2,2,pos,4,0
Toyama_middle_pos_4_1.jpg,2,2,pos,4,1
Toyama_middle_pos_4_2.jpg,2,2,pos,4,2
Toyama_middle_pos_4_3.jpg,2,2,pos,4,3
Toyama_middle_pos_5_0.jpg,2,2,pos,5,0
Toyama_middle_pos_5_1.jpg,2,2,pos,5,1
Toyama_middle_pos_5_2.jpg,2,2,pos,5,2
Toyama_middle_pos_5_3.jpg,2,2,pos,5,3
Toyama_middle_pos_6_0.jpg,2,2,pos,6,0
Toyama_middle_pos_6_1.jpg,2,2,pos,6,1
Toyama_middle_pos_6_2.jpg,2,2,pos,6,2
Toyama_middle_pos_6_3.jpg,2,2,pos,6,3
Toyama_middle_pos_7_0.jpg,2,2,pos,7,0
Toyama_middle_pos_7_1.jpg,2,2,pos,7,1
Toyama_middle_pos_7_2.jpg,2,2,pos,7,2
Toyama_middle_pos_7_3.jpg,2,2,pos,7,3
Toyama_middle_pos_8_0.jpg,2,2,pos,8,0
Toyama_middle_pos_8_1.jpg,2,2,pos,8,1
Toyama_middle_pos_8_2.jpg,2,2,pos,8,2
Toyama_middle_pos_8_3.jpg,2,2,pos,8,3
Toyama_middle_sch_1_0.jpg,2,2,sch,1,0
Toyama_middle_sch_1_1.jpg,2,2,sch,1,1
Toyama_middle_sch_1_2.jpg,2,2,sch,1,2
Toyama_middle_sch_1_3.jpg,2,2,sch,1,3
Toyama_middle_sch_2_0.jpg,2,2,sch,2,0
Toyama_middle_sch_2_1.jpg,2,2,sch,2,1
Toyama_middle_sch_2_2.jpg,2,2,sch,2,2
Toyama_middle_sch_2_3.jpg,2,2,sch,2,3
Toyama_middle_sch_3_0.jpg,2,2,sch,3,0
Toyama_middle_sch_3_1.jpg,2,2,sch,3,1
Toyama_middle_sch_3_2.jpg,2,2,sch,3,2
Toyama_middle_sch_3_3.jpg,2,2,sch,3,3
Toyama_middle_sch_4_0.jpg,2,2,sch,4,0
Toyama_middle_sch_4_1.jpg,2,2,sch,4,1
Toyama_middle_sch_4_2.jpg,2,2,sch,4,2
Toyama_middle_sch_4_3.jpg,2,2,sch,4,3
Toyama_middle_sch_5_0.jpg,2,2,sch,5,0
Toyama_middle_sch_5_1.jpg,2,2,sch,5,1
Toyama_middle_sch_5_2.jpg,2,2,sch,5,2
Toyama_middle_sch_5_3.jpg,2,2,sch,5,3
Toyama_middle_sch_6_0.jpg,2,2,sch,6,0
Toyama_middle_sch_6_1.jpg,2,2,sch,6,1
Toyama_middle_sch_6_2.jpg,2,2,sch,6,2
Toyama_middle_sch_6_3.jpg,2,2,sch,6,3
Toyama_middle_sch_7_0.jpg,2,2,sch,7,0
Toyama_middle_sch_7_1.jpg,2,2,sch,7,1
Toyama_middle_sch_7_2.jpg,2,2,sch,7,2
Toyama_middle_sch_7_3.jpg,2,2,sch,7,3
Toyama_middle_sch_8_0.jpg,2,2,sch,8,0
Toyama_middle_sch_8_1.jpg,2,2,sch,8,1
Toyama_middle_sch_8_2.jpg,2,2,sch,8,2
Toyama_middle_sch_8_3.jpg,2,2,sch,8,3
Toyama_small_pos_1_0.jpg,2,1,pos,1,0
Toyama_small_pos_1_1.jpg,2,1,pos,1,1
Toyama_small_pos_1_2.jpg,2,1,pos,1,2
Toyama_small_pos_1_3.jpg,2,1,pos,1,3
Toyama_small_pos_2_0.jpg,2,1,pos,2,0
Toyama_small_pos_2_1.jpg,2,1,pos,2,1
Toyama_small_pos_2_2.jpg,2,1,pos,2,2
Toyama_small_pos_2_3.jpg,2,1,pos,2,3
Toyama_small_pos_3_0.jpg,2,1,pos,3,0
Toyama_small_pos_3_1.jpg,2,1,pos,3,1
Toyama_small_pos_3_2.jpg,2,1,pos,3,2
Toyama_small_pos_3_3.jpg,2,1,pos,3,3
Toyama_small_pos_4_0.jpg,2,1,pos,4,0
Toyama_small_pos_4_1.jpg,2,1,pos,4,1
Toyama_small_pos_4_2.jpg,2,1,pos,4,2
Toyama_small_pos_4_3.jpg,2,1,pos,4,3
Toyama_small_sch_1_0.jpg,2,1,sch,1,0
Toyama_small_sch_1_1.jpg,2,1,sch,1,1
Toyama_small_sch_1_2.jpg,2,1,sch,1,2
Toyama_small_sch_1_3.jpg,2,1,sch,1,3
Toyama_small_sch_2_0.jpg,2,1,sch,2,0
Toyama_small_sch_2_1.jpg,2,1,sch,2,1
Toyama_small_sch_2_2.jpg,2,1,sch,2,2
Toyama_small_sch_2_3.jpg,2,1,sch,2,3
Toyama_small_sch_3_0.jpg,2,1,sch,3,0
Toyama_small_sch_3_1.jpg,2,1,sch,3,1
Toyama_small_sch_3_2.jpg,2,1,sch,3,2
Toyama_small_sch_3_3.jpg,2,1,sch,3,3
Toyama_small_sch_4_0.jpg,2,1,sch,4,0
Toyama_small_sch_4_1.jpg,2,1,sch,4,1
Toyama_small_sch_4_2.jpg,2,1,sch,4,2
Toyama_small_sch_4_3.jpg,2,1,sch,4,3